,product_id,product_name,category,warehouse,location,quantity,price,supplier,status,last_restocked,total_inventory_purchase
0,1000,Gadget-Y,Furniture,Warehouse-1,Aisle-2,100,49.99,Supplier-C,Low-Stock,2023-01-15,4999.0
1,1001,Widget-A,Furniture,Warehouse-2,Aisle-5,300,19.99,Supplier-A,In-Stock,,5996.999999999999
2,1001,Gadget-X,Toys,Warehouse-3,Aisle-3,150,19.99,Supplier-C,In-Stock,2023-04-25,2998.4999999999995
3,1001,Gadget-Y,Furniture,Warehouse-1,Aisle-5,200,49.99,Supplier-C,In-Stock,2022-12-20,9998.0
4,1004,Gadget-Z,Clothing,Warehouse-1,Aisle-3,50,19.99,Supplier-B,Low-Stock,,999.4999999999999
5,1004,Gadget-Y,Clothing,Warehouse-3,Aisle-3,300,29.99,Supplier-A,In-Stock,2023-03-05,8997.0
6,1007,Gadget-Y,Furniture,Warehouse-1,Aisle-4,150,9.99,Supplier-A,In-Stock,2023-04-25,1498.5
7,1008,Widget-A,Toys,Warehouse-1,Aisle-5,0,29.99,Supplier-C,Out-of-Stock,2022-12-20,0.0
8,1008,Gadget-Z,Electronics,Warehouse-2,Aisle-1,100,49.99,Supplier-A,Low-Stock,,4999.0
9,1009,Widget-B,Furniture,Warehouse-2,Aisle-2,100,29.99,Supplier-C,Low-Stock,2023-01-15,2999.0
10,1011,Widget-A,Toys,Warehouse-3,Aisle-1,0,29.99,Supplier-A,Out-of-Stock,2023-01-15,0.0
11,1011,Widget-A,Clothing,Warehouse-3,Aisle-1,300,9.99,Supplier-D,In-Stock,2023-03-05,2997.0
12,1013,Widget-A,Toys,Warehouse-2,Aisle-5,50,19.99,Supplier-C,Low-Stock,2023-04-25,999.4999999999999
13,1014,Gadget-Y,Clothing,Warehouse-2,Aisle-1,100,19.99,Supplier-D,Low-Stock,2023-01-15,1998.9999999999998
14,1014,Widget-A,Furniture,Warehouse-3,Aisle-1,150,29.99,Supplier-D,In-Stock,2023-01-15,4498.5
15,1015,Widget-C,Electronics,Warehouse-2,Aisle-2,0,49.99,Supplier-B,Out-of-Stock,2022-12-20,0.0
16,1016,Gadget-X,Toys,Warehouse-3,Aisle-5,50,29.99,Supplier-D,Low-Stock,2023-04-25,1499.5
17,1017,Gadget-Z,Electronics,Warehouse-3,Aisle-1,150,29.99,Supplier-C,In-Stock,2023-01-15,4498.5
18,1018,Gadget-X,Clothing,Warehouse-2,Aisle-5,100,29.99,Supplier-A,Low-Stock,2023-03-05,2999.0
19,1019,Gadget-X,Electronics,Warehouse-2,Aisle-2,200,9.99,Supplier-D,In-Stock,,1998.0
20,1020,Widget-C,Clothing,Warehouse-1,Aisle-5,200,9.99,Supplier-D,In-Stock,2022-12-20,1998.0
21,1020,Gadget-Z,Toys,Warehouse-3,Aisle-4,300,19.99,Supplier-D,In-Stock,2022-12-20,5996.999999999999
22,1021,Widget-B,Clothing,Warehouse-1,Aisle-4,150,19.99,Supplier-B,In-Stock,2023-04-25,2998.4999999999995
23,1021,Widget-A,Toys,Warehouse-3,Aisle-3,300,29.99,Supplier-A,In-Stock,2023-03-05,8997.0
24,1022,Gadget-Y,Furniture,Warehouse-3,Aisle-5,0,49.99,Supplier-D,Out-of-Stock,2023-01-15,0.0
25,1024,Widget-B,Electronics,Warehouse-1,Aisle-2,50,19.99,Supplier-B,Low-Stock,2023-01-15,999.4999999999999
26,1026,Widget-C,Clothing,Warehouse-3,Aisle-4,50,29.99,Supplier-A,Low-Stock,2023-04-25,1499.5
27,1027,Gadget-Y,Furniture,Warehouse-1,Aisle-4,0,9.99,Supplier-A,Out-of-Stock,2023-04-25,0.0
28,1027,Widget-A,Clothing,Warehouse-1,Aisle-2,50,19.99,Supplier-C,Low-Stock,2022-12-20,999.4999999999999
29,1028,Gadget-X,Clothing,Warehouse-1,Aisle-1,0,9.99,Supplier-D,Out-of-Stock,2023-01-15,0.0
30,1032,Gadget-X,Clothing,Warehouse-1,Aisle-3,0,29.99,Supplier-A,Out-of-Stock,2023-01-15,0.0
31,1032,Widget-A,Electronics,Warehouse-1,Aisle-1,0,49.99,Supplier-D,Out-of-Stock,2023-04-25,0.0
32,1034,Widget-C,Toys,Warehouse-1,Aisle-2,200,19.99,Supplier-C,In-Stock,2023-03-05,3997.9999999999995
33,1034,Widget-C,Electronics,Warehouse-2,Aisle-5,0,9.99,Supplier-C,Out-of-Stock,2023-04-25,0.0
34,1035,Gadget-X,Electronics,Warehouse-2,Aisle-1,100,49.99,Supplier-A,Low-Stock,2022-12-20,4999.0
35,1035,Gadget-Z,Clothing,Warehouse-1,Aisle-5,100,49.99,Supplier-D,Low-Stock,,4999.0
36,1036,Gadget-Z,Furniture,Warehouse-3,Aisle-2,150,29.99,Supplier-A,In-Stock,2023-03-05,4498.5
37,1036,Widget-B,Toys,Warehouse-3,Aisle-4,50,29.99,Supplier-A,Low-Stock,2023-03-05,1499.5
38,1036,Gadget-Z,Electronics,Warehouse-2,Aisle-1,200,29.99,Supplier-D,In-Stock,2023-01-15,5998.0
39,1037,Widget-A,Toys,Warehouse-2,Aisle-2,50,49.99,Supplier-B,Low-Stock,,2499.5
40,1038,Gadget-Y,Toys,Warehouse-3,Aisle-2,50,29.99,Supplier-D,Low-Stock,2022-12-20,1499.5
41,1038,Widget-A,Furniture,Warehouse-1,Aisle-2,200,29.99,Supplier-C,In-Stock,2023-04-25,5998.0
42,1038,Gadget-Z,Toys,Warehouse-2,Aisle-3,200,29.99,Supplier-B,In-Stock,,5998.0
43,1040,Widget-C,Furniture,Warehouse-1,Aisle-3,50,29.99,Supplier-B,Low-Stock,2023-01-15,1499.5
44,1040,Widget-B,Clothing,Warehouse-2,Aisle-1,300,29.99,Supplier-C,In-Stock,2022-12-20,8997.0
45,1040,Gadget-Y,Electronics,Warehouse-2,Aisle-5,50,29.99,Supplier-D,Low-Stock,2022-12-20,1499.5
46,1041,Gadget-Z,Furniture,Warehouse-2,Aisle-5,150,49.99,Supplier-A,In-Stock,2023-03-05,7498.5
47,1042,Gadget-Y,Electronics,Warehouse-3,Aisle-5,100,9.99,Supplier-D,Low-Stock,2023-01-15,999.0
48,1045,Widget-C,Electronics,Warehouse-1,Aisle-1,300,29.99,Supplier-C,In-Stock,2022-12-20,8997.0
49,1046,Widget-C,Furniture,Warehouse-3,Aisle-1,0,9.99,Supplier-A,Out-of-Stock,,0.0
50,1046,Widget-B,Clothing,Warehouse-2,Aisle-1,200,29.99,Supplier-A,In-Stock,2023-01-15,5998.0
51,1046,Gadget-Y,Furniture,Warehouse-1,Aisle-5,100,9.99,Supplier-D,Low-Stock,2023-01-15,999.0
52,1047,Widget-B,Furniture,Warehouse-2,Aisle-5,50,49.99,Supplier-C,Low-Stock,2023-04-25,2499.5
53,1048,Widget-A,Toys,Warehouse-2,Aisle-4,200,29.99,Supplier-B,In-Stock,2022-12-20,5998.0
54,1050,Widget-C,Furniture,Warehouse-2,Aisle-1,50,19.99,Supplier-D,Low-Stock,2023-01-15,999.4999999999999
55,1052,Widget-B,Clothing,Warehouse-2,Aisle-5,100,29.99,Supplier-D,Low-Stock,2022-12-20,2999.0
56,1052,Widget-A,Furniture,Warehouse-3,Aisle-5,50,29.99,Supplier-C,Low-Stock,2023-03-05,1499.5
57,1052,Widget-B,Clothing,Warehouse-1,Aisle-2,150,19.99,Supplier-A,In-Stock,2023-01-15,2998.4999999999995
58,1053,Widget-B,Electronics,Warehouse-2,Aisle-1,0,29.99,Supplier-B,Out-of-Stock,2022-12-20,0.0
59,1053,Gadget-X,Clothing,Warehouse-3,Aisle-4,300,49.99,Supplier-A,In-Stock,2023-03-05,14997.0
60,1057,Gadget-Y,Toys,Warehouse-1,Aisle-4,0,9.99,Supplier-B,Out-of-Stock,2022-12-20,0.0
61,1057,Gadget-X,Furniture,Warehouse-3,Aisle-4,200,49.99,Supplier-B,In-Stock,2023-03-05,9998.0
62,1057,Widget-B,Toys,Warehouse-1,Aisle-5,300,9.99,Supplier-A,In-Stock,,2997.0
63,1057,Gadget-X,Electronics,Warehouse-3,Aisle-5,150,19.99,Supplier-D,In-Stock,2023-04-25,2998.4999999999995
64,1058,Gadget-Z,Furniture,Warehouse-1,Aisle-1,150,29.99,Supplier-C,In-Stock,2023-01-15,4498.5
65,1061,Widget-C,Clothing,Warehouse-2,Aisle-1,0,9.99,Supplier-C,Out-of-Stock,2023-01-15,0.0
66,1062,Gadget-Y,Clothing,Warehouse-1,Aisle-5,150,9.99,Supplier-B,In-Stock,2023-01-15,1498.5
67,1064,Widget-B,Toys,Warehouse-1,Aisle-4,100,29.99,Supplier-A,Low-Stock,2022-12-20,2999.0
68,1068,Gadget-X,Furniture,Warehouse-3,Aisle-2,150,19.99,Supplier-D,In-Stock,2022-12-20,2998.4999999999995
69,1068,Gadget-Z,Electronics,Warehouse-1,Aisle-3,300,49.99,Supplier-C,In-Stock,2023-03-05,14997.0
70,1069,Gadget-X,Furniture,Warehouse-3,Aisle-3,100,29.99,Supplier-D,Low-Stock,,2999.0
71,1071,Widget-B,Clothing,Warehouse-3,Aisle-5,300,29.99,Supplier-A,In-Stock,2022-12-20,8997.0
72,1073,Widget-A,Toys,Warehouse-2,Aisle-5,300,9.99,Supplier-D,In-Stock,,2997.0
73,1074,Widget-B,Furniture,Warehouse-1,Aisle-3,200,9.99,Supplier-D,In-Stock,2023-01-15,1998.0
74,1075,Widget-B,Electronics,Warehouse-1,Aisle-5,200,19.99,Supplier-A,In-Stock,2023-04-25,3997.9999999999995
75,1075,Widget-B,Furniture,Warehouse-3,Aisle-4,100,29.99,Supplier-A,Low-Stock,2023-01-15,2999.0
76,1079,Gadget-X,Clothing,Warehouse-2,Aisle-3,0,49.99,Supplier-B,Out-of-Stock,2023-04-25,0.0
77,1080,Gadget-Z,Clothing,Warehouse-1,Aisle-1,0,29.99,Supplier-D,Out-of-Stock,2023-01-15,0.0
78,1080,Widget-B,Electronics,Warehouse-1,Aisle-3,150,19.99,Supplier-C,In-Stock,2023-03-05,2998.4999999999995
79,1085,Widget-A,Toys,Warehouse-1,Aisle-4,200,29.99,Supplier-A,In-Stock,2023-01-15,5998.0
80,1085,Widget-B,Clothing,Warehouse-2,Aisle-5,150,29.99,Supplier-D,In-Stock,2022-12-20,4498.5
81,1087,Widget-A,Toys,Warehouse-3,Aisle-3,50,29.99,Supplier-C,Low-Stock,2023-01-15,1499.5
82,1089,Gadget-X,Furniture,Warehouse-3,Aisle-3,150,19.99,Supplier-A,In-Stock,2023-01-15,2998.4999999999995
83,1089,Widget-C,Furniture,Warehouse-3,Aisle-1,150,9.99,Supplier-C,In-Stock,,1498.5
84,1090,Gadget-Z,Furniture,Warehouse-2,Aisle-2,0,19.99,Supplier-A,Out-of-Stock,2022-12-20,0.0
85,1091,Widget-A,Toys,Warehouse-2,Aisle-1,200,29.99,Supplier-A,In-Stock,2023-04-25,5998.0
86,1091,Gadget-Z,Electronics,Warehouse-1,Aisle-5,300,49.99,Supplier-A,In-Stock,2023-01-15,14997.0
87,1093,Widget-B,Furniture,Warehouse-3,Aisle-4,100,29.99,Supplier-A,Low-Stock,,2999.0
88,1095,Widget-B,Furniture,Warehouse-3,Aisle-4,150,19.99,Supplier-A,In-Stock,2022-12-20,2998.4999999999995
89,1095,Widget-B,Furniture,Warehouse-1,Aisle-2,200,29.99,Supplier-B,In-Stock,2022-12-20,5998.0
90,1095,Widget-A,Electronics,Warehouse-3,Aisle-4,100,19.99,Supplier-D,Low-Stock,2022-12-20,1998.9999999999998
91,1098,Widget-B,Electronics,Warehouse-2,Aisle-4,300,49.99,Supplier-C,In-Stock,2023-04-25,14997.0
92,1098,Widget-B,Clothing,Warehouse-2,Aisle-1,150,49.99,Supplier-A,In-Stock,,7498.5
93,1098,Widget-C,Toys,Warehouse-1,Aisle-2,300,49.99,Supplier-D,In-Stock,,14997.0
94,1098,Widget-C,Furniture,Warehouse-3,Aisle-4,200,29.99,Supplier-C,In-Stock,2022-12-20,5998.0
95,1098,Widget-B,Toys,Warehouse-2,Aisle-2,50,29.99,Supplier-B,Low-Stock,,1499.5
96,1098,Gadget-Y,Furniture,Warehouse-3,Aisle-1,200,29.99,Supplier-C,In-Stock,,5998.0
97,1098,Gadget-X,Clothing,Warehouse-1,Aisle-3,50,19.99,Supplier-A,Low-Stock,2023-03-05,999.4999999999999
98,1099,Widget-A,Electronics,Warehouse-2,Aisle-5,300,49.99,Supplier-B,In-Stock,2023-03-05,14997.0
99,1099,Widget-B,Clothing,Warehouse-1,Aisle-4,150,9.99,Supplier-C,In-Stock,2023-04-25,1498.5
100,1102,Gadget-Y,Electronics,Warehouse-2,Aisle-1,300,9.99,Supplier-C,In-Stock,,2997.0
101,1102,Widget-C,Electronics,Warehouse-3,Aisle-3,150,9.99,Supplier-A,In-Stock,,1498.5
102,1103,Widget-C,Toys,Warehouse-1,Aisle-1,300,9.99,Supplier-D,In-Stock,2023-01-15,2997.0
103,1103,Gadget-X,Furniture,Warehouse-2,Aisle-1,50,49.99,Supplier-A,Low-Stock,,2499.5
104,1105,Gadget-X,Electronics,Warehouse-1,Aisle-5,0,29.99,Supplier-A,Out-of-Stock,2023-01-15,0.0
105,1105,Widget-C,Furniture,Warehouse-1,Aisle-2,0,49.99,Supplier-B,Out-of-Stock,2023-01-15,0.0
106,1106,Widget-A,Furniture,Warehouse-3,Aisle-3,200,9.99,Supplier-D,In-Stock,2023-04-25,1998.0
107,1108,Gadget-X,Furniture,Warehouse-1,Aisle-5,300,19.99,Supplier-B,In-Stock,2023-04-25,5996.999999999999
108,1111,Gadget-X,Furniture,Warehouse-3,Aisle-5,200,9.99,Supplier-C,In-Stock,2023-01-15,1998.0
109,1112,Gadget-X,Furniture,Warehouse-1,Aisle-5,50,29.99,Supplier-B,Low-Stock,2023-01-15,1499.5
110,1112,Widget-B,Toys,Warehouse-3,Aisle-5,50,19.99,Supplier-B,Low-Stock,2023-03-05,999.4999999999999
111,1112,Widget-B,Clothing,Warehouse-2,Aisle-4,0,9.99,Supplier-B,Out-of-Stock,,0.0
112,1114,Widget-C,Furniture,Warehouse-3,Aisle-1,150,9.99,Supplier-C,In-Stock,2023-03-05,1498.5
113,1115,Widget-C,Toys,Warehouse-2,Aisle-4,100,29.99,Supplier-C,Low-Stock,2023-04-25,2999.0
114,1116,Widget-A,Toys,Warehouse-1,Aisle-1,300,29.99,Supplier-A,In-Stock,,8997.0
115,1116,Gadget-X,Toys,Warehouse-3,Aisle-5,100,29.99,Supplier-D,Low-Stock,,2999.0
116,1117,Widget-A,Toys,Warehouse-3,Aisle-1,0,49.99,Supplier-B,Out-of-Stock,2022-12-20,0.0
117,1119,Gadget-Y,Toys,Warehouse-3,Aisle-5,0,49.99,Supplier-D,Out-of-Stock,2023-03-05,0.0
118,1119,Gadget-Z,Electronics,Warehouse-3,Aisle-4,100,29.99,Supplier-C,Low-Stock,2023-03-05,2999.0
119,1121,Gadget-Y,Clothing,Warehouse-1,Aisle-1,150,19.99,Supplier-A,In-Stock,2023-03-05,2998.4999999999995
120,1121,Widget-B,Toys,Warehouse-1,Aisle-2,50,19.99,Supplier-C,Low-Stock,2022-12-20,999.4999999999999
121,1122,Widget-A,Clothing,Warehouse-1,Aisle-2,100,49.99,Supplier-C,Low-Stock,2023-03-05,4999.0
122,1123,Gadget-X,Clothing,Warehouse-3,Aisle-4,200,29.99,Supplier-C,In-Stock,2022-12-20,5998.0
123,1124,Widget-C,Furniture,Warehouse-1,Aisle-2,100,19.99,Supplier-A,Low-Stock,2022-12-20,1998.9999999999998
124,1125,Widget-B,Clothing,Warehouse-3,Aisle-2,50,29.99,Supplier-D,Low-Stock,2023-04-25,1499.5
125,1126,Gadget-Z,Furniture,Warehouse-3,Aisle-5,150,19.99,Supplier-C,In-Stock,2022-12-20,2998.4999999999995
126,1127,Widget-C,Electronics,Warehouse-1,Aisle-4,50,29.99,Supplier-B,Low-Stock,2023-01-15,1499.5
127,1128,Gadget-Y,Electronics,Warehouse-3,Aisle-3,0,49.99,Supplier-A,Out-of-Stock,2023-01-15,0.0
128,1129,Gadget-Y,Furniture,Warehouse-3,Aisle-4,200,49.99,Supplier-C,In-Stock,2023-01-15,9998.0
129,1130,Widget-C,Electronics,Warehouse-3,Aisle-5,200,9.99,Supplier-C,In-Stock,2023-03-05,1998.0
130,1130,Gadget-X,Electronics,Warehouse-2,Aisle-4,0,29.99,Supplier-D,Out-of-Stock,2023-04-25,0.0
131,1130,Widget-C,Toys,Warehouse-1,Aisle-5,300,9.99,Supplier-B,In-Stock,2022-12-20,2997.0
132,1131,Widget-A,Electronics,Warehouse-1,Aisle-5,200,49.99,Supplier-A,In-Stock,2023-04-25,9998.0
133,1132,Widget-A,Furniture,Warehouse-3,Aisle-3,50,29.99,Supplier-D,Low-Stock,2023-01-15,1499.5
134,1133,Widget-A,Clothing,Warehouse-2,Aisle-4,100,9.99,Supplier-D,Low-Stock,2022-12-20,999.0
135,1134,Widget-A,Electronics,Warehouse-3,Aisle-2,150,29.99,Supplier-D,In-Stock,2022-12-20,4498.5
136,1134,Widget-A,Furniture,Warehouse-1,Aisle-3,200,19.99,Supplier-D,In-Stock,2023-03-05,3997.9999999999995
137,1138,Widget-A,Toys,Warehouse-2,Aisle-3,200,29.99,Supplier-B,In-Stock,2022-12-20,5998.0
138,1142,Widget-C,Clothing,Warehouse-3,Aisle-2,100,29.99,Supplier-B,Low-Stock,2022-12-20,2999.0
139,1142,Gadget-X,Furniture,Warehouse-2,Aisle-1,150,9.99,Supplier-C,In-Stock,2022-12-20,1498.5
140,1143,Widget-C,Toys,Warehouse-3,Aisle-2,100,9.99,Supplier-D,Low-Stock,2023-03-05,999.0
141,1143,Widget-C,Furniture,Warehouse-2,Aisle-3,300,49.99,Supplier-A,In-Stock,2023-01-15,14997.0
142,1143,Widget-C,Toys,Warehouse-3,Aisle-1,300,29.99,Supplier-B,In-Stock,2023-01-15,8997.0
143,1143,Widget-B,Clothing,Warehouse-1,Aisle-3,50,29.99,Supplier-A,Low-Stock,2023-01-15,1499.5
144,1144,Gadget-Z,Toys,Warehouse-1,Aisle-1,50,49.99,Supplier-B,Low-Stock,2023-04-25,2499.5
145,1146,Gadget-Z,Electronics,Warehouse-2,Aisle-4,50,19.99,Supplier-A,Low-Stock,2022-12-20,999.4999999999999
146,1147,Widget-B,Toys,Warehouse-2,Aisle-2,100,19.99,Supplier-C,Low-Stock,2023-04-25,1998.9999999999998
147,1148,Widget-C,Electronics,Warehouse-2,Aisle-3,100,29.99,Supplier-C,Low-Stock,2023-01-15,2999.0
148,1149,Widget-C,Clothing,Warehouse-2,Aisle-1,50,19.99,Supplier-B,Low-Stock,2023-03-05,999.4999999999999
149,1150,Widget-B,Clothing,Warehouse-1,Aisle-1,150,29.99,Supplier-B,In-Stock,2023-04-25,4498.5
150,1150,Widget-B,Clothing,Warehouse-3,Aisle-5,200,29.99,Supplier-B,In-Stock,2023-03-05,5998.0
151,1151,Widget-B,Clothing,Warehouse-2,Aisle-4,150,19.99,Supplier-A,In-Stock,,2998.4999999999995
152,1152,Widget-C,Furniture,Warehouse-3,Aisle-2,50,49.99,Supplier-D,Low-Stock,,2499.5
153,1153,Gadget-X,Toys,Warehouse-1,Aisle-4,100,29.99,Supplier-D,Low-Stock,2023-01-15,2999.0
154,1154,Widget-A,Furniture,Warehouse-3,Aisle-4,300,29.99,Supplier-D,In-Stock,2023-03-05,8997.0
155,1156,Widget-C,Toys,Warehouse-1,Aisle-2,300,9.99,Supplier-D,In-Stock,,2997.0
156,1157,Widget-B,Electronics,Warehouse-3,Aisle-4,50,29.99,Supplier-B,Low-Stock,2022-12-20,1499.5
157,1159,Widget-A,Toys,Warehouse-3,Aisle-1,50,49.99,Supplier-A,Low-Stock,2022-12-20,2499.5
158,1159,Gadget-Z,Toys,Warehouse-1,Aisle-3,150,29.99,Supplier-C,In-Stock,2023-01-15,4498.5
159,1159,Widget-B,Electronics,Warehouse-1,Aisle-3,100,49.99,Supplier-A,Low-Stock,,4999.0
160,1160,Widget-A,Toys,Warehouse-1,Aisle-4,50,29.99,Supplier-D,Low-Stock,2023-04-25,1499.5
161,1160,Gadget-Z,Furniture,Warehouse-1,Aisle-5,0,29.99,Supplier-B,Out-of-Stock,2023-04-25,0.0
162,1160,Gadget-Y,Furniture,Warehouse-1,Aisle-5,0,29.99,Supplier-B,Out-of-Stock,,0.0
163,1161,Widget-A,Clothing,Warehouse-2,Aisle-3,0,19.99,Supplier-C,Out-of-Stock,,0.0
164,1162,Gadget-Y,Furniture,Warehouse-3,Aisle-4,300,9.99,Supplier-D,In-Stock,2022-12-20,2997.0
165,1162,Gadget-X,Clothing,Warehouse-3,Aisle-3,50,29.99,Supplier-C,Low-Stock,,1499.5
166,1164,Gadget-X,Clothing,Warehouse-3,Aisle-5,200,29.99,Supplier-A,In-Stock,2023-03-05,5998.0
167,1166,Gadget-Y,Clothing,Warehouse-2,Aisle-1,100,29.99,Supplier-B,Low-Stock,2023-04-25,2999.0
168,1166,Gadget-Y,Furniture,Warehouse-2,Aisle-3,50,29.99,Supplier-C,Low-Stock,,1499.5
169,1167,Widget-B,Furniture,Warehouse-3,Aisle-5,50,9.99,Supplier-B,Low-Stock,2023-04-25,499.5
170,1167,Gadget-Y,Clothing,Warehouse-1,Aisle-1,0,29.99,Supplier-B,Out-of-Stock,,0.0
171,1169,Widget-A,Furniture,Warehouse-1,Aisle-4,300,9.99,Supplier-D,In-Stock,2023-03-05,2997.0
172,1170,Gadget-Y,Clothing,Warehouse-2,Aisle-1,150,29.99,Supplier-A,In-Stock,,4498.5
173,1171,Widget-A,Electronics,Warehouse-3,Aisle-4,100,49.99,Supplier-B,Low-Stock,,4999.0
174,1172,Widget-C,Toys,Warehouse-1,Aisle-2,150,9.99,Supplier-C,In-Stock,2023-04-25,1498.5
175,1172,Widget-A,Furniture,Warehouse-2,Aisle-4,300,29.99,Supplier-C,In-Stock,2023-01-15,8997.0
176,1173,Widget-B,Furniture,Warehouse-1,Aisle-4,50,49.99,Supplier-B,Low-Stock,,2499.5
177,1175,Gadget-Y,Furniture,Warehouse-1,Aisle-2,50,29.99,Supplier-A,Low-Stock,,1499.5
178,1176,Gadget-X,Toys,Warehouse-3,Aisle-4,300,29.99,Supplier-A,In-Stock,2023-03-05,8997.0
179,1177,Widget-C,Electronics,Warehouse-3,Aisle-2,300,49.99,Supplier-B,In-Stock,2023-01-15,14997.0
180,1179,Gadget-Z,Toys,Warehouse-2,Aisle-3,100,19.99,Supplier-B,Low-Stock,2022-12-20,1998.9999999999998
181,1180,Widget-A,Clothing,Warehouse-2,Aisle-2,300,29.99,Supplier-B,In-Stock,2023-01-15,8997.0
182,1181,Widget-C,Electronics,Warehouse-2,Aisle-1,50,29.99,Supplier-A,Low-Stock,2023-03-05,1499.5
183,1183,Gadget-Z,Furniture,Warehouse-3,Aisle-2,0,29.99,Supplier-D,Out-of-Stock,2023-04-25,0.0
184,1185,Widget-A,Electronics,Warehouse-1,Aisle-3,50,9.99,Supplier-C,Low-Stock,,499.5
185,1186,Gadget-Y,Clothing,Warehouse-1,Aisle-1,0,19.99,Supplier-B,Out-of-Stock,2023-04-25,0.0
186,1187,Widget-B,Electronics,Warehouse-2,Aisle-2,200,29.99,Supplier-C,In-Stock,2023-04-25,5998.0
187,1188,Widget-B,Toys,Warehouse-2,Aisle-3,0,29.99,Supplier-C,Out-of-Stock,2023-01-15,0.0
188,1189,Widget-A,Furniture,Warehouse-2,Aisle-1,0,29.99,Supplier-A,Out-of-Stock,2023-04-25,0.0
189,1189,Gadget-Y,Electronics,Warehouse-2,Aisle-3,150,9.99,Supplier-A,In-Stock,2023-04-25,1498.5
190,1189,Widget-C,Furniture,Warehouse-1,Aisle-4,300,29.99,Supplier-C,In-Stock,2023-03-05,8997.0
191,1189,Widget-B,Clothing,Warehouse-2,Aisle-2,150,19.99,Supplier-A,In-Stock,2023-04-25,2998.4999999999995
192,1189,Widget-B,Furniture,Warehouse-2,Aisle-5,300,49.99,Supplier-C,In-Stock,,14997.0
193,1190,Gadget-Z,Electronics,Warehouse-2,Aisle-2,300,29.99,Supplier-A,In-Stock,2023-03-05,8997.0
194,1190,Gadget-Z,Clothing,Warehouse-1,Aisle-2,200,9.99,Supplier-B,In-Stock,2023-03-05,1998.0
195,1191,Widget-B,Clothing,Warehouse-3,Aisle-1,100,19.99,Supplier-B,Low-Stock,,1998.9999999999998
196,1191,Gadget-Y,Electronics,Warehouse-2,Aisle-1,200,29.99,Supplier-C,In-Stock,2023-03-05,5998.0
197,1191,Widget-C,Clothing,Warehouse-2,Aisle-3,100,19.99,Supplier-A,Low-Stock,2022-12-20,1998.9999999999998
198,1193,Widget-A,Electronics,Warehouse-2,Aisle-4,200,19.99,Supplier-A,In-Stock,,3997.9999999999995
199,1194,Widget-A,Electronics,Warehouse-3,Aisle-1,150,9.99,Supplier-A,In-Stock,2022-12-20,1498.5
200,1195,Widget-C,Toys,Warehouse-1,Aisle-2,0,29.99,Supplier-C,Out-of-Stock,2023-01-15,0.0
201,1195,Gadget-Y,Electronics,Warehouse-3,Aisle-5,50,19.99,Supplier-B,Low-Stock,,999.4999999999999
202,1197,Widget-C,Toys,Warehouse-2,Aisle-2,100,9.99,Supplier-A,Low-Stock,2023-03-05,999.0
203,1200,Gadget-Z,Toys,Warehouse-1,Aisle-5,50,29.99,Supplier-A,Low-Stock,,1499.5
204,1200,Gadget-X,Furniture,Warehouse-3,Aisle-3,0,29.99,Supplier-C,Out-of-Stock,2023-03-05,0.0
205,1200,Gadget-Z,Electronics,Warehouse-2,Aisle-5,150,19.99,Supplier-C,In-Stock,2022-12-20,2998.4999999999995
206,1201,Gadget-X,Electronics,Warehouse-3,Aisle-4,100,9.99,Supplier-C,Low-Stock,,999.0
207,1202,Widget-C,Toys,Warehouse-3,Aisle-4,200,29.99,Supplier-C,In-Stock,2023-03-05,5998.0
208,1202,Widget-C,Clothing,Warehouse-2,Aisle-1,300,19.99,Supplier-A,In-Stock,,5996.999999999999
209,1203,Widget-A,Furniture,Warehouse-3,Aisle-3,150,29.99,Supplier-B,In-Stock,,4498.5
210,1205,Widget-C,Electronics,Warehouse-3,Aisle-3,50,19.99,Supplier-A,Low-Stock,2023-03-05,999.4999999999999
211,1206,Widget-C,Furniture,Warehouse-1,Aisle-3,50,29.99,Supplier-B,Low-Stock,,1499.5
212,1207,Gadget-Z,Toys,Warehouse-3,Aisle-3,300,49.99,Supplier-D,In-Stock,2023-04-25,14997.0
213,1212,Widget-A,Clothing,Warehouse-2,Aisle-1,150,29.99,Supplier-D,In-Stock,2023-03-05,4498.5
214,1214,Widget-A,Toys,Warehouse-3,Aisle-2,100,19.99,Supplier-D,Low-Stock,2023-03-05,1998.9999999999998
215,1214,Gadget-Z,Furniture,Warehouse-2,Aisle-1,50,9.99,Supplier-A,Low-Stock,2023-01-15,499.5
216,1216,Widget-C,Clothing,Warehouse-1,Aisle-3,300,29.99,Supplier-C,In-Stock,2023-01-15,8997.0
217,1216,Gadget-Y,Clothing,Warehouse-3,Aisle-4,0,9.99,Supplier-D,Out-of-Stock,,0.0
218,1216,Widget-B,Furniture,Warehouse-2,Aisle-1,100,29.99,Supplier-C,Low-Stock,2023-04-25,2999.0
219,1217,Widget-C,Clothing,Warehouse-3,Aisle-3,50,29.99,Supplier-D,Low-Stock,,1499.5
220,1217,Widget-C,Clothing,Warehouse-3,Aisle-1,150,19.99,Supplier-D,In-Stock,2023-01-15,2998.4999999999995
221,1219,Widget-B,Furniture,Warehouse-2,Aisle-2,200,49.99,Supplier-D,In-Stock,2023-03-05,9998.0
222,1219,Widget-C,Toys,Warehouse-2,Aisle-5,50,19.99,Supplier-B,Low-Stock,2023-01-15,999.4999999999999
223,1219,Gadget-Z,Furniture,Warehouse-2,Aisle-2,100,19.99,Supplier-A,Low-Stock,2023-04-25,1998.9999999999998
224,1219,Gadget-Y,Clothing,Warehouse-2,Aisle-5,0,49.99,Supplier-A,Out-of-Stock,2023-04-25,0.0
225,1222,Gadget-Y,Furniture,Warehouse-2,Aisle-3,100,29.99,Supplier-C,Low-Stock,2022-12-20,2999.0
226,1222,Widget-C,Clothing,Warehouse-2,Aisle-3,150,49.99,Supplier-D,In-Stock,2023-04-25,7498.5
227,1224,Gadget-Y,Furniture,Warehouse-2,Aisle-2,100,29.99,Supplier-B,Low-Stock,2023-04-25,2999.0
228,1224,Gadget-Z,Electronics,Warehouse-1,Aisle-3,0,19.99,Supplier-D,Out-of-Stock,,0.0
229,1224,Gadget-Z,Furniture,Warehouse-3,Aisle-1,150,29.99,Supplier-C,In-Stock,2023-03-05,4498.5
230,1225,Widget-A,Furniture,Warehouse-1,Aisle-2,200,9.99,Supplier-C,In-Stock,2023-04-25,1998.0
231,1226,Gadget-Y,Furniture,Warehouse-1,Aisle-5,300,9.99,Supplier-C,In-Stock,2022-12-20,2997.0
232,1226,Widget-B,Electronics,Warehouse-1,Aisle-3,300,29.99,Supplier-D,In-Stock,2023-01-15,8997.0
233,1228,Widget-B,Clothing,Warehouse-1,Aisle-3,100,49.99,Supplier-D,Low-Stock,2023-04-25,4999.0
234,1229,Widget-B,Clothing,Warehouse-1,Aisle-2,300,9.99,Supplier-D,In-Stock,2023-03-05,2997.0
235,1229,Gadget-Z,Furniture,Warehouse-2,Aisle-4,300,9.99,Supplier-A,In-Stock,2023-01-15,2997.0
236,1230,Widget-B,Toys,Warehouse-1,Aisle-1,50,49.99,Supplier-A,Low-Stock,,2499.5
237,1230,Gadget-Z,Clothing,Warehouse-1,Aisle-1,100,49.99,Supplier-B,Low-Stock,,4999.0
238,1230,Widget-A,Electronics,Warehouse-1,Aisle-2,100,29.99,Supplier-A,Low-Stock,2023-04-25,2999.0
239,1232,Gadget-Y,Furniture,Warehouse-2,Aisle-4,300,49.99,Supplier-A,In-Stock,2023-04-25,14997.0
240,1232,Gadget-Y,Furniture,Warehouse-1,Aisle-1,50,29.99,Supplier-A,Low-Stock,2022-12-20,1499.5
241,1232,Widget-B,Electronics,Warehouse-3,Aisle-3,300,29.99,Supplier-D,In-Stock,,8997.0
242,1232,Gadget-Y,Furniture,Warehouse-1,Aisle-2,150,19.99,Supplier-C,In-Stock,2023-01-15,2998.4999999999995
243,1233,Widget-C,Toys,Warehouse-2,Aisle-5,0,49.99,Supplier-A,Out-of-Stock,2022-12-20,0.0
244,1234,Gadget-Z,Electronics,Warehouse-2,Aisle-4,50,29.99,Supplier-A,Low-Stock,2022-12-20,1499.5
245,1236,Widget-C,Electronics,Warehouse-2,Aisle-3,300,19.99,Supplier-A,In-Stock,2022-12-20,5996.999999999999
246,1240,Gadget-X,Electronics,Warehouse-3,Aisle-3,150,49.99,Supplier-A,In-Stock,2023-04-25,7498.5
247,1241,Widget-C,Furniture,Warehouse-2,Aisle-2,100,49.99,Supplier-C,Low-Stock,2022-12-20,4999.0
248,1241,Gadget-Y,Furniture,Warehouse-1,Aisle-2,300,29.99,Supplier-D,In-Stock,,8997.0
249,1242,Widget-C,Toys,Warehouse-1,Aisle-5,50,29.99,Supplier-B,Low-Stock,,1499.5
250,1243,Gadget-Z,Toys,Warehouse-2,Aisle-1,200,9.99,Supplier-B,In-Stock,2023-04-25,1998.0
251,1245,Widget-A,Toys,Warehouse-2,Aisle-1,100,9.99,Supplier-D,Low-Stock,,999.0
252,1246,Widget-A,Toys,Warehouse-3,Aisle-5,150,19.99,Supplier-C,In-Stock,2023-04-25,2998.4999999999995
253,1246,Widget-B,Electronics,Warehouse-3,Aisle-5,200,29.99,Supplier-A,In-Stock,2023-03-05,5998.0
254,1250,Widget-A,Clothing,Warehouse-1,Aisle-3,100,49.99,Supplier-B,Low-Stock,2022-12-20,4999.0
255,1251,Widget-C,Clothing,Warehouse-3,Aisle-5,0,9.99,Supplier-A,Out-of-Stock,2022-12-20,0.0
256,1251,Widget-C,Electronics,Warehouse-1,Aisle-5,100,29.99,Supplier-B,Low-Stock,,2999.0
257,1252,Widget-C,Electronics,Warehouse-2,Aisle-2,100,29.99,Supplier-D,Low-Stock,2023-01-15,2999.0
258,1252,Gadget-Z,Toys,Warehouse-1,Aisle-3,200,49.99,Supplier-B,In-Stock,2023-03-05,9998.0
259,1252,Widget-B,Furniture,Warehouse-3,Aisle-5,300,9.99,Supplier-B,In-Stock,2023-01-15,2997.0
260,1252,Gadget-Y,Clothing,Warehouse-3,Aisle-4,200,29.99,Supplier-A,In-Stock,2023-03-05,5998.0
261,1252,Widget-A,Clothing,Warehouse-2,Aisle-4,50,29.99,Supplier-A,Low-Stock,2023-03-05,1499.5
262,1253,Widget-C,Clothing,Warehouse-1,Aisle-3,150,19.99,Supplier-A,In-Stock,2022-12-20,2998.4999999999995
263,1253,Gadget-Y,Furniture,Warehouse-2,Aisle-5,0,29.99,Supplier-C,Out-of-Stock,2023-01-15,0.0
264,1253,Gadget-Y,Electronics,Warehouse-2,Aisle-1,100,19.99,Supplier-A,Low-Stock,2023-01-15,1998.9999999999998
265,1255,Widget-B,Clothing,Warehouse-2,Aisle-4,150,9.99,Supplier-B,In-Stock,2023-04-25,1498.5
266,1255,Widget-A,Toys,Warehouse-2,Aisle-2,300,29.99,Supplier-B,In-Stock,2023-03-05,8997.0
267,1257,Widget-C,Clothing,Warehouse-3,Aisle-1,50,19.99,Supplier-A,Low-Stock,,999.4999999999999
268,1258,Gadget-X,Clothing,Warehouse-1,Aisle-4,0,29.99,Supplier-A,Out-of-Stock,2023-04-25,0.0
269,1258,Widget-B,Toys,Warehouse-1,Aisle-4,300,9.99,Supplier-D,In-Stock,2023-03-05,2997.0
270,1262,Gadget-Z,Electronics,Warehouse-2,Aisle-1,100,49.99,Supplier-C,Low-Stock,2023-01-15,4999.0
271,1263,Gadget-Z,Toys,Warehouse-3,Aisle-3,0,9.99,Supplier-B,Out-of-Stock,2022-12-20,0.0
272,1264,Gadget-X,Toys,Warehouse-2,Aisle-5,0,49.99,Supplier-B,Out-of-Stock,2022-12-20,0.0
273,1267,Widget-A,Clothing,Warehouse-2,Aisle-5,50,19.99,Supplier-B,Low-Stock,2023-04-25,999.4999999999999
274,1267,Gadget-Y,Clothing,Warehouse-3,Aisle-3,300,9.99,Supplier-A,In-Stock,2023-03-05,2997.0
275,1268,Widget-B,Electronics,Warehouse-2,Aisle-5,200,9.99,Supplier-A,In-Stock,2023-01-15,1998.0
276,1269,Widget-B,Clothing,Warehouse-2,Aisle-1,150,29.99,Supplier-D,In-Stock,,4498.5
277,1270,Widget-B,Clothing,Warehouse-3,Aisle-5,200,19.99,Supplier-B,In-Stock,2023-04-25,3997.9999999999995
278,1270,Gadget-Z,Toys,Warehouse-2,Aisle-4,50,49.99,Supplier-B,Low-Stock,2022-12-20,2499.5
279,1271,Widget-B,Toys,Warehouse-2,Aisle-5,50,49.99,Supplier-A,Low-Stock,2023-03-05,2499.5
280,1272,Gadget-Z,Clothing,Warehouse-1,Aisle-2,0,29.99,Supplier-C,Out-of-Stock,2022-12-20,0.0
281,1273,Gadget-Z,Toys,Warehouse-1,Aisle-3,300,29.99,Supplier-A,In-Stock,2023-04-25,8997.0
282,1276,Gadget-Z,Electronics,Warehouse-3,Aisle-4,50,29.99,Supplier-D,Low-Stock,2022-12-20,1499.5
283,1276,Gadget-Y,Clothing,Warehouse-2,Aisle-1,0,19.99,Supplier-C,Out-of-Stock,2023-04-25,0.0
284,1276,Widget-C,Clothing,Warehouse-2,Aisle-5,50,29.99,Supplier-D,Low-Stock,2023-04-25,1499.5
285,1276,Widget-C,Toys,Warehouse-3,Aisle-5,150,49.99,Supplier-A,In-Stock,2022-12-20,7498.5
286,1278,Widget-C,Clothing,Warehouse-3,Aisle-1,150,29.99,Supplier-A,In-Stock,2022-12-20,4498.5
287,1279,Widget-B,Furniture,Warehouse-1,Aisle-3,150,19.99,Supplier-A,In-Stock,,2998.4999999999995
288,1279,Gadget-X,Toys,Warehouse-1,Aisle-4,0,19.99,Supplier-D,Out-of-Stock,2023-03-05,0.0
289,1282,Gadget-Z,Furniture,Warehouse-1,Aisle-1,0,49.99,Supplier-B,Out-of-Stock,2023-04-25,0.0
290,1282,Widget-A,Furniture,Warehouse-2,Aisle-5,200,9.99,Supplier-A,In-Stock,2023-01-15,1998.0
291,1283,Widget-B,Clothing,Warehouse-2,Aisle-2,150,49.99,Supplier-D,In-Stock,2023-03-05,7498.5
292,1284,Widget-A,Clothing,Warehouse-1,Aisle-5,150,49.99,Supplier-A,In-Stock,2023-04-25,7498.5
293,1284,Widget-A,Clothing,Warehouse-2,Aisle-2,0,19.99,Supplier-B,Out-of-Stock,2022-12-20,0.0
294,1287,Gadget-X,Electronics,Warehouse-2,Aisle-3,50,49.99,Supplier-B,Low-Stock,2023-01-15,2499.5
295,1288,Gadget-Z,Toys,Warehouse-1,Aisle-5,300,9.99,Supplier-B,In-Stock,2023-01-15,2997.0
296,1288,Widget-B,Furniture,Warehouse-2,Aisle-5,0,29.99,Supplier-A,Out-of-Stock,2023-01-15,0.0
297,1293,Gadget-X,Electronics,Warehouse-3,Aisle-1,50,29.99,Supplier-D,Low-Stock,2022-12-20,1499.5
298,1295,Widget-C,Toys,Warehouse-2,Aisle-5,150,9.99,Supplier-C,In-Stock,,1498.5
299,1297,Widget-C,Toys,Warehouse-2,Aisle-5,300,9.99,Supplier-C,In-Stock,2023-04-25,2997.0
300,1300,Widget-B,Electronics,Warehouse-2,Aisle-1,100,29.99,Supplier-D,Low-Stock,2022-12-20,2999.0
301,1301,Widget-C,Electronics,Warehouse-2,Aisle-5,0,19.99,Supplier-C,Out-of-Stock,,0.0
302,1301,Gadget-Y,Furniture,Warehouse-3,Aisle-1,100,29.99,Supplier-D,Low-Stock,2022-12-20,2999.0
303,1303,Gadget-Z,Furniture,Warehouse-2,Aisle-3,0,19.99,Supplier-D,Out-of-Stock,2023-04-25,0.0
304,1304,Widget-C,Clothing,Warehouse-2,Aisle-1,200,29.99,Supplier-B,In-Stock,2023-03-05,5998.0
305,1304,Gadget-X,Clothing,Warehouse-3,Aisle-2,100,9.99,Supplier-B,Low-Stock,2023-04-25,999.0
306,1308,Gadget-Y,Clothing,Warehouse-1,Aisle-1,300,29.99,Supplier-C,In-Stock,2023-04-25,8997.0
307,1313,Widget-B,Toys,Warehouse-3,Aisle-4,300,19.99,Supplier-A,In-Stock,2023-01-15,5996.999999999999
308,1313,Widget-A,Toys,Warehouse-1,Aisle-4,50,9.99,Supplier-D,Low-Stock,2023-03-05,499.5
309,1315,Widget-A,Toys,Warehouse-3,Aisle-1,100,49.99,Supplier-B,Low-Stock,2023-01-15,4999.0
310,1315,Widget-C,Electronics,Warehouse-3,Aisle-3,150,9.99,Supplier-A,In-Stock,,1498.5
311,1317,Gadget-Z,Clothing,Warehouse-2,Aisle-3,300,29.99,Supplier-B,In-Stock,2023-04-25,8997.0
312,1320,Widget-A,Electronics,Warehouse-1,Aisle-2,0,29.99,Supplier-C,Out-of-Stock,2023-03-05,0.0
313,1322,Gadget-Y,Furniture,Warehouse-1,Aisle-3,200,19.99,Supplier-C,In-Stock,2023-03-05,3997.9999999999995
314,1322,Widget-A,Toys,Warehouse-1,Aisle-2,100,9.99,Supplier-A,Low-Stock,2022-12-20,999.0
315,1324,Gadget-Y,Toys,Warehouse-1,Aisle-2,300,29.99,Supplier-B,In-Stock,2023-03-05,8997.0
316,1325,Widget-C,Electronics,Warehouse-2,Aisle-5,200,9.99,Supplier-C,In-Stock,2023-03-05,1998.0
317,1326,Gadget-Z,Toys,Warehouse-1,Aisle-2,50,19.99,Supplier-D,Low-Stock,,999.4999999999999
318,1329,Widget-B,Clothing,Warehouse-1,Aisle-1,50,9.99,Supplier-C,Low-Stock,2023-01-15,499.5
319,1330,Widget-C,Toys,Warehouse-3,Aisle-4,150,9.99,Supplier-B,In-Stock,2023-04-25,1498.5
320,1330,Gadget-Z,Electronics,Warehouse-2,Aisle-3,100,49.99,Supplier-A,Low-Stock,2023-01-15,4999.0
321,1335,Gadget-X,Toys,Warehouse-3,Aisle-5,100,29.99,Supplier-A,Low-Stock,2023-01-15,2999.0
322,1337,Widget-B,Clothing,Warehouse-3,Aisle-5,200,9.99,Supplier-D,In-Stock,2023-04-25,1998.0
323,1337,Gadget-X,Furniture,Warehouse-3,Aisle-5,50,29.99,Supplier-B,Low-Stock,2023-04-25,1499.5
324,1337,Widget-C,Clothing,Warehouse-3,Aisle-2,50,9.99,Supplier-C,Low-Stock,2023-01-15,499.5
325,1338,Widget-B,Electronics,Warehouse-2,Aisle-4,100,49.99,Supplier-D,Low-Stock,,4999.0
326,1339,Widget-C,Furniture,Warehouse-3,Aisle-1,300,9.99,Supplier-B,In-Stock,2023-03-05,2997.0
327,1339,Widget-A,Furniture,Warehouse-2,Aisle-3,150,19.99,Supplier-A,In-Stock,2022-12-20,2998.4999999999995
328,1340,Gadget-Y,Clothing,Warehouse-2,Aisle-1,0,19.99,Supplier-B,Out-of-Stock,2023-03-05,0.0
329,1341,Widget-A,Electronics,Warehouse-2,Aisle-1,100,19.99,Supplier-B,Low-Stock,2023-01-15,1998.9999999999998
330,1341,Widget-B,Electronics,Warehouse-2,Aisle-5,150,19.99,Supplier-D,In-Stock,2022-12-20,2998.4999999999995
331,1341,Gadget-X,Electronics,Warehouse-3,Aisle-1,200,49.99,Supplier-D,In-Stock,2023-04-25,9998.0
332,1343,Gadget-Z,Electronics,Warehouse-3,Aisle-4,300,29.99,Supplier-D,In-Stock,2023-04-25,8997.0
333,1343,Gadget-X,Furniture,Warehouse-2,Aisle-4,100,49.99,Supplier-B,Low-Stock,2023-04-25,4999.0
334,1345,Widget-C,Electronics,Warehouse-1,Aisle-1,50,29.99,Supplier-D,Low-Stock,2023-01-15,1499.5
335,1345,Gadget-Y,Furniture,Warehouse-1,Aisle-2,150,29.99,Supplier-C,In-Stock,2023-01-15,4498.5
336,1345,Gadget-Z,Furniture,Warehouse-3,Aisle-4,200,19.99,Supplier-A,In-Stock,2022-12-20,3997.9999999999995
337,1345,Gadget-X,Furniture,Warehouse-2,Aisle-4,0,29.99,Supplier-D,Out-of-Stock,2023-01-15,0.0
338,1347,Widget-A,Electronics,Warehouse-3,Aisle-5,200,29.99,Supplier-B,In-Stock,2023-01-15,5998.0
339,1347,Widget-C,Furniture,Warehouse-3,Aisle-3,100,29.99,Supplier-B,Low-Stock,2022-12-20,2999.0
340,1347,Gadget-Z,Electronics,Warehouse-2,Aisle-1,50,49.99,Supplier-D,Low-Stock,,2499.5
341,1348,Gadget-Y,Toys,Warehouse-2,Aisle-3,150,9.99,Supplier-C,In-Stock,2022-12-20,1498.5
342,1348,Widget-C,Clothing,Warehouse-1,Aisle-5,0,19.99,Supplier-C,Out-of-Stock,2023-04-25,0.0
343,1349,Widget-B,Furniture,Warehouse-3,Aisle-4,0,29.99,Supplier-A,Out-of-Stock,2022-12-20,0.0
344,1353,Gadget-X,Furniture,Warehouse-3,Aisle-3,300,19.99,Supplier-B,In-Stock,2023-04-25,5996.999999999999
345,1356,Widget-B,Electronics,Warehouse-3,Aisle-4,200,9.99,Supplier-B,In-Stock,2023-04-25,1998.0
346,1357,Widget-C,Clothing,Warehouse-1,Aisle-1,200,49.99,Supplier-A,In-Stock,2023-03-05,9998.0
347,1358,Gadget-X,Furniture,Warehouse-3,Aisle-3,300,29.99,Supplier-B,In-Stock,2022-12-20,8997.0
348,1360,Widget-B,Furniture,Warehouse-1,Aisle-3,200,49.99,Supplier-D,In-Stock,2023-03-05,9998.0
349,1364,Widget-C,Furniture,Warehouse-1,Aisle-2,300,9.99,Supplier-C,In-Stock,2023-03-05,2997.0
350,1364,Gadget-Y,Electronics,Warehouse-3,Aisle-1,300,19.99,Supplier-D,In-Stock,2022-12-20,5996.999999999999
351,1366,Gadget-X,Clothing,Warehouse-3,Aisle-2,150,19.99,Supplier-A,In-Stock,2023-03-05,2998.4999999999995
352,1366,Gadget-Y,Toys,Warehouse-2,Aisle-3,100,29.99,Supplier-D,Low-Stock,2022-12-20,2999.0
353,1368,Widget-C,Electronics,Warehouse-1,Aisle-3,200,19.99,Supplier-D,In-Stock,,3997.9999999999995
354,1368,Gadget-Z,Electronics,Warehouse-1,Aisle-1,50,19.99,Supplier-B,Low-Stock,2023-03-05,999.4999999999999
355,1369,Widget-C,Clothing,Warehouse-3,Aisle-4,0,19.99,Supplier-B,Out-of-Stock,2023-03-05,0.0
356,1372,Gadget-Y,Furniture,Warehouse-2,Aisle-1,200,49.99,Supplier-A,In-Stock,2023-03-05,9998.0
357,1372,Widget-C,Electronics,Warehouse-2,Aisle-2,50,49.99,Supplier-C,Low-Stock,2023-04-25,2499.5
358,1372,Widget-B,Electronics,Warehouse-2,Aisle-3,300,49.99,Supplier-C,In-Stock,2022-12-20,14997.0
359,1372,Gadget-X,Clothing,Warehouse-2,Aisle-3,200,29.99,Supplier-C,In-Stock,,5998.0
360,1373,Widget-B,Toys,Warehouse-2,Aisle-3,150,9.99,Supplier-A,In-Stock,2023-03-05,1498.5
361,1374,Widget-B,Toys,Warehouse-1,Aisle-5,50,29.99,Supplier-A,Low-Stock,2023-04-25,1499.5
362,1375,Widget-A,Furniture,Warehouse-1,Aisle-3,50,29.99,Supplier-D,Low-Stock,2023-01-15,1499.5
363,1376,Gadget-Z,Furniture,Warehouse-3,Aisle-1,50,29.99,Supplier-D,Low-Stock,2023-04-25,1499.5
364,1378,Widget-B,Electronics,Warehouse-1,Aisle-1,300,19.99,Supplier-B,In-Stock,2023-03-05,5996.999999999999
365,1379,Widget-C,Electronics,Warehouse-2,Aisle-3,200,29.99,Supplier-B,In-Stock,2022-12-20,5998.0
366,1379,Gadget-Y,Clothing,Warehouse-2,Aisle-2,100,9.99,Supplier-A,Low-Stock,2023-04-25,999.0
367,1383,Widget-A,Furniture,Warehouse-1,Aisle-4,100,19.99,Supplier-C,Low-Stock,,1998.9999999999998
368,1384,Widget-B,Furniture,Warehouse-3,Aisle-2,100,29.99,Supplier-A,Low-Stock,2023-04-25,2999.0
369,1384,Gadget-Z,Toys,Warehouse-2,Aisle-5,50,29.99,Supplier-C,Low-Stock,2023-03-05,1499.5
370,1385,Gadget-Z,Furniture,Warehouse-2,Aisle-3,100,49.99,Supplier-D,Low-Stock,2022-12-20,4999.0
371,1385,Gadget-X,Toys,Warehouse-3,Aisle-3,300,19.99,Supplier-B,In-Stock,2023-04-25,5996.999999999999
372,1385,Gadget-Z,Clothing,Warehouse-1,Aisle-4,50,19.99,Supplier-B,Low-Stock,,999.4999999999999
373,1386,Widget-C,Clothing,Warehouse-1,Aisle-2,50,19.99,Supplier-B,Low-Stock,2023-04-25,999.4999999999999
374,1386,Widget-A,Toys,Warehouse-3,Aisle-3,300,19.99,Supplier-B,In-Stock,2023-04-25,5996.999999999999
375,1387,Gadget-Z,Toys,Warehouse-2,Aisle-3,0,29.99,Supplier-C,Out-of-Stock,,0.0
376,1387,Widget-A,Furniture,Warehouse-2,Aisle-2,0,29.99,Supplier-D,Out-of-Stock,,0.0
377,1389,Gadget-Z,Furniture,Warehouse-2,Aisle-5,100,29.99,Supplier-D,Low-Stock,2023-03-05,2999.0
378,1389,Gadget-Z,Electronics,Warehouse-1,Aisle-5,300,29.99,Supplier-D,In-Stock,2023-01-15,8997.0
379,1391,Widget-B,Toys,Warehouse-2,Aisle-5,50,29.99,Supplier-A,Low-Stock,2023-03-05,1499.5
380,1391,Gadget-Z,Furniture,Warehouse-2,Aisle-3,0,9.99,Supplier-B,Out-of-Stock,2022-12-20,0.0
381,1392,Widget-C,Electronics,Warehouse-1,Aisle-4,200,29.99,Supplier-C,In-Stock,,5998.0
382,1392,Widget-A,Furniture,Warehouse-1,Aisle-5,200,29.99,Supplier-A,In-Stock,2022-12-20,5998.0
383,1392,Gadget-Z,Clothing,Warehouse-2,Aisle-4,0,9.99,Supplier-B,Out-of-Stock,2023-03-05,0.0
384,1392,Widget-C,Electronics,Warehouse-2,Aisle-3,0,19.99,Supplier-C,Out-of-Stock,,0.0
385,1393,Gadget-Y,Toys,Warehouse-3,Aisle-2,150,29.99,Supplier-B,In-Stock,,4498.5
386,1395,Widget-C,Electronics,Warehouse-1,Aisle-1,50,49.99,Supplier-C,Low-Stock,2022-12-20,2499.5
387,1395,Widget-B,Clothing,Warehouse-2,Aisle-5,0,9.99,Supplier-C,Out-of-Stock,2023-01-15,0.0
388,1396,Gadget-Z,Clothing,Warehouse-1,Aisle-5,100,29.99,Supplier-A,Low-Stock,2023-03-05,2999.0
389,1396,Widget-A,Toys,Warehouse-1,Aisle-1,150,29.99,Supplier-D,In-Stock,,4498.5
390,1397,Gadget-Z,Electronics,Warehouse-2,Aisle-2,50,9.99,Supplier-A,Low-Stock,2023-03-05,499.5
391,1397,Widget-B,Electronics,Warehouse-1,Aisle-4,100,29.99,Supplier-A,Low-Stock,2023-03-05,2999.0
392,1397,Gadget-Z,Electronics,Warehouse-2,Aisle-3,100,49.99,Supplier-C,Low-Stock,2022-12-20,4999.0
393,1399,Widget-B,Electronics,Warehouse-3,Aisle-5,50,9.99,Supplier-C,Low-Stock,2023-03-05,499.5
394,1400,Gadget-X,Toys,Warehouse-1,Aisle-4,100,9.99,Supplier-B,Low-Stock,2023-04-25,999.0
395,1400,Gadget-Y,Electronics,Warehouse-2,Aisle-2,50,29.99,Supplier-B,Low-Stock,2023-04-25,1499.5
396,1401,Widget-B,Furniture,Warehouse-3,Aisle-2,150,49.99,Supplier-D,In-Stock,,7498.5
397,1401,Widget-C,Clothing,Warehouse-3,Aisle-4,300,49.99,Supplier-B,In-Stock,2023-01-15,14997.0
398,1402,Gadget-Y,Electronics,Warehouse-1,Aisle-3,150,19.99,Supplier-B,In-Stock,2022-12-20,2998.4999999999995
399,1402,Gadget-X,Toys,Warehouse-3,Aisle-4,0,9.99,Supplier-D,Out-of-Stock,,0.0
400,1403,Gadget-Z,Furniture,Warehouse-2,Aisle-1,200,29.99,Supplier-C,In-Stock,2023-01-15,5998.0
401,1406,Widget-A,Toys,Warehouse-1,Aisle-3,200,19.99,Supplier-B,In-Stock,2022-12-20,3997.9999999999995
402,1406,Gadget-X,Clothing,Warehouse-2,Aisle-3,100,29.99,Supplier-A,Low-Stock,2023-03-05,2999.0
403,1407,Widget-B,Clothing,Warehouse-1,Aisle-1,200,19.99,Supplier-B,In-Stock,2023-01-15,3997.9999999999995
404,1407,Widget-C,Clothing,Warehouse-2,Aisle-3,0,19.99,Supplier-B,Out-of-Stock,2023-01-15,0.0
405,1408,Widget-C,Electronics,Warehouse-1,Aisle-3,0,29.99,Supplier-C,Out-of-Stock,2023-04-25,0.0
406,1410,Gadget-X,Clothing,Warehouse-1,Aisle-2,50,49.99,Supplier-B,Low-Stock,2023-04-25,2499.5
407,1412,Widget-A,Electronics,Warehouse-3,Aisle-1,200,29.99,Supplier-B,In-Stock,,5998.0
408,1413,Gadget-Y,Electronics,Warehouse-3,Aisle-3,150,9.99,Supplier-C,In-Stock,2022-12-20,1498.5
409,1414,Gadget-X,Electronics,Warehouse-3,Aisle-4,200,29.99,Supplier-B,In-Stock,2023-03-05,5998.0
410,1414,Gadget-Y,Clothing,Warehouse-1,Aisle-5,200,29.99,Supplier-B,In-Stock,,5998.0
411,1414,Gadget-Z,Furniture,Warehouse-1,Aisle-5,300,29.99,Supplier-D,In-Stock,,8997.0
412,1415,Widget-A,Electronics,Warehouse-1,Aisle-4,200,29.99,Supplier-C,In-Stock,2022-12-20,5998.0
413,1416,Widget-A,Clothing,Warehouse-2,Aisle-1,50,49.99,Supplier-D,Low-Stock,2023-03-05,2499.5
414,1417,Gadget-X,Clothing,Warehouse-3,Aisle-4,0,29.99,Supplier-D,Out-of-Stock,2022-12-20,0.0
415,1418,Widget-A,Toys,Warehouse-1,Aisle-3,300,19.99,Supplier-A,In-Stock,,5996.999999999999
416,1419,Gadget-X,Clothing,Warehouse-1,Aisle-4,150,29.99,Supplier-C,In-Stock,2023-04-25,4498.5
417,1419,Gadget-X,Furniture,Warehouse-2,Aisle-1,150,29.99,Supplier-D,In-Stock,2023-01-15,4498.5
418,1421,Gadget-Y,Toys,Warehouse-1,Aisle-3,150,9.99,Supplier-C,In-Stock,2023-01-15,1498.5
419,1421,Widget-C,Electronics,Warehouse-3,Aisle-1,100,9.99,Supplier-B,Low-Stock,2022-12-20,999.0
420,1426,Gadget-Z,Furniture,Warehouse-2,Aisle-2,100,49.99,Supplier-B,Low-Stock,,4999.0
421,1427,Widget-B,Electronics,Warehouse-2,Aisle-3,100,19.99,Supplier-D,Low-Stock,2022-12-20,1998.9999999999998
422,1431,Gadget-X,Furniture,Warehouse-1,Aisle-2,0,9.99,Supplier-A,Out-of-Stock,,0.0
423,1434,Gadget-Z,Furniture,Warehouse-1,Aisle-3,150,29.99,Supplier-C,In-Stock,2022-12-20,4498.5
424,1435,Gadget-Y,Electronics,Warehouse-2,Aisle-4,200,19.99,Supplier-C,In-Stock,,3997.9999999999995
425,1437,Gadget-Z,Furniture,Warehouse-1,Aisle-4,200,49.99,Supplier-D,In-Stock,2023-03-05,9998.0
426,1438,Gadget-Z,Toys,Warehouse-2,Aisle-2,300,19.99,Supplier-B,In-Stock,,5996.999999999999
427,1440,Gadget-Y,Toys,Warehouse-1,Aisle-5,200,19.99,Supplier-B,In-Stock,2022-12-20,3997.9999999999995
428,1441,Widget-C,Clothing,Warehouse-2,Aisle-2,200,29.99,Supplier-B,In-Stock,2023-04-25,5998.0
429,1441,Gadget-X,Furniture,Warehouse-3,Aisle-5,100,49.99,Supplier-A,Low-Stock,2023-01-15,4999.0
430,1443,Gadget-Y,Electronics,Warehouse-1,Aisle-4,0,29.99,Supplier-A,Out-of-Stock,2023-04-25,0.0
431,1444,Widget-C,Toys,Warehouse-3,Aisle-3,50,29.99,Supplier-C,Low-Stock,2023-01-15,1499.5
432,1444,Gadget-Z,Toys,Warehouse-1,Aisle-2,300,49.99,Supplier-B,In-Stock,2023-01-15,14997.0
433,1446,Widget-B,Clothing,Warehouse-1,Aisle-3,100,49.99,Supplier-B,Low-Stock,,4999.0
434,1449,Gadget-X,Furniture,Warehouse-2,Aisle-3,0,29.99,Supplier-B,Out-of-Stock,,0.0
435,1450,Widget-A,Electronics,Warehouse-2,Aisle-5,200,9.99,Supplier-D,In-Stock,2023-03-05,1998.0
436,1452,Widget-C,Electronics,Warehouse-1,Aisle-3,50,29.99,Supplier-B,Low-Stock,,1499.5
437,1452,Widget-A,Electronics,Warehouse-1,Aisle-5,100,29.99,Supplier-A,Low-Stock,2023-03-05,2999.0
438,1452,Gadget-Y,Toys,Warehouse-1,Aisle-5,300,29.99,Supplier-B,In-Stock,2023-01-15,8997.0
439,1454,Widget-A,Clothing,Warehouse-3,Aisle-1,100,9.99,Supplier-A,Low-Stock,2022-12-20,999.0
440,1454,Gadget-Z,Toys,Warehouse-1,Aisle-3,150,29.99,Supplier-C,In-Stock,,4498.5
441,1455,Widget-A,Furniture,Warehouse-3,Aisle-3,50,19.99,Supplier-A,Low-Stock,2023-03-05,999.4999999999999
442,1455,Gadget-Y,Furniture,Warehouse-2,Aisle-3,100,29.99,Supplier-B,Low-Stock,2023-03-05,2999.0
443,1455,Widget-C,Toys,Warehouse-2,Aisle-1,200,19.99,Supplier-D,In-Stock,2023-01-15,3997.9999999999995
444,1456,Gadget-Z,Electronics,Warehouse-3,Aisle-3,100,19.99,Supplier-D,Low-Stock,2023-04-25,1998.9999999999998
445,1458,Widget-C,Furniture,Warehouse-2,Aisle-3,300,49.99,Supplier-A,In-Stock,2023-03-05,14997.0
446,1459,Gadget-X,Clothing,Warehouse-1,Aisle-3,50,29.99,Supplier-B,Low-Stock,,1499.5
447,1459,Gadget-Y,Clothing,Warehouse-3,Aisle-2,100,29.99,Supplier-D,Low-Stock,2022-12-20,2999.0
448,1460,Widget-A,Toys,Warehouse-1,Aisle-3,150,29.99,Supplier-B,In-Stock,,4498.5
449,1460,Gadget-Y,Toys,Warehouse-1,Aisle-4,200,29.99,Supplier-C,In-Stock,2023-04-25,5998.0
450,1461,Gadget-Z,Toys,Warehouse-2,Aisle-4,200,29.99,Supplier-B,In-Stock,2023-01-15,5998.0
451,1461,Widget-C,Electronics,Warehouse-1,Aisle-2,100,9.99,Supplier-A,Low-Stock,2022-12-20,999.0
452,1463,Widget-A,Toys,Warehouse-1,Aisle-4,150,49.99,Supplier-A,In-Stock,,7498.5
453,1466,Widget-A,Clothing,Warehouse-3,Aisle-1,0,49.99,Supplier-B,Out-of-Stock,2023-01-15,0.0
454,1468,Widget-C,Electronics,Warehouse-3,Aisle-3,200,9.99,Supplier-B,In-Stock,2023-03-05,1998.0
455,1469,Gadget-Y,Toys,Warehouse-3,Aisle-4,300,29.99,Supplier-B,In-Stock,,8997.0
456,1470,Gadget-X,Furniture,Warehouse-2,Aisle-1,50,29.99,Supplier-D,Low-Stock,2023-03-05,1499.5
457,1470,Widget-B,Toys,Warehouse-1,Aisle-4,0,49.99,Supplier-D,Out-of-Stock,2023-03-05,0.0
458,1471,Gadget-X,Electronics,Warehouse-1,Aisle-1,150,29.99,Supplier-C,In-Stock,2022-12-20,4498.5
459,1471,Widget-A,Electronics,Warehouse-3,Aisle-4,100,29.99,Supplier-A,Low-Stock,2023-01-15,2999.0
460,1472,Gadget-Y,Electronics,Warehouse-1,Aisle-1,100,19.99,Supplier-A,Low-Stock,2023-04-25,1998.9999999999998
461,1472,Widget-A,Clothing,Warehouse-1,Aisle-1,50,29.99,Supplier-A,Low-Stock,2022-12-20,1499.5
462,1472,Gadget-X,Electronics,Warehouse-2,Aisle-3,300,29.99,Supplier-A,In-Stock,2022-12-20,8997.0
463,1473,Gadget-Z,Furniture,Warehouse-2,Aisle-3,0,19.99,Supplier-C,Out-of-Stock,,0.0
464,1473,Widget-B,Furniture,Warehouse-1,Aisle-5,100,29.99,Supplier-D,Low-Stock,2023-04-25,2999.0
465,1474,Widget-A,Furniture,Warehouse-2,Aisle-4,200,29.99,Supplier-D,In-Stock,2023-03-05,5998.0
466,1474,Gadget-Z,Electronics,Warehouse-2,Aisle-4,300,49.99,Supplier-D,In-Stock,2023-01-15,14997.0
467,1475,Gadget-Y,Furniture,Warehouse-3,Aisle-3,50,29.99,Supplier-D,Low-Stock,2023-03-05,1499.5
468,1475,Widget-A,Furniture,Warehouse-2,Aisle-1,50,29.99,Supplier-B,Low-Stock,2023-01-15,1499.5
469,1476,Gadget-Y,Toys,Warehouse-1,Aisle-5,200,29.99,Supplier-B,In-Stock,2023-03-05,5998.0
470,1476,Widget-A,Electronics,Warehouse-1,Aisle-3,50,9.99,Supplier-C,Low-Stock,2022-12-20,499.5
471,1476,Gadget-Z,Clothing,Warehouse-3,Aisle-1,0,29.99,Supplier-B,Out-of-Stock,2023-04-25,0.0
472,1480,Gadget-Z,Clothing,Warehouse-1,Aisle-2,50,29.99,Supplier-A,Low-Stock,2023-03-05,1499.5
473,1483,Gadget-Y,Toys,Warehouse-1,Aisle-5,150,9.99,Supplier-D,In-Stock,,1498.5
474,1484,Widget-B,Clothing,Warehouse-3,Aisle-2,100,29.99,Supplier-C,Low-Stock,2022-12-20,2999.0
475,1484,Widget-A,Electronics,Warehouse-3,Aisle-5,200,49.99,Supplier-C,In-Stock,,9998.0
476,1487,Gadget-Z,Toys,Warehouse-3,Aisle-1,150,9.99,Supplier-D,In-Stock,2022-12-20,1498.5
477,1488,Gadget-Y,Electronics,Warehouse-2,Aisle-1,300,9.99,Supplier-A,In-Stock,2022-12-20,2997.0
478,1489,Gadget-Y,Electronics,Warehouse-1,Aisle-4,200,29.99,Supplier-D,In-Stock,2023-04-25,5998.0
479,1489,Widget-C,Clothing,Warehouse-2,Aisle-4,300,9.99,Supplier-C,In-Stock,2023-01-15,2997.0
480,1491,Widget-A,Electronics,Warehouse-1,Aisle-5,100,19.99,Supplier-D,Low-Stock,2023-01-15,1998.9999999999998
481,1491,Gadget-Y,Electronics,Warehouse-3,Aisle-2,300,19.99,Supplier-A,In-Stock,2022-12-20,5996.999999999999
482,1492,Widget-A,Electronics,Warehouse-3,Aisle-3,100,29.99,Supplier-D,Low-Stock,2023-04-25,2999.0
483,1492,Widget-B,Clothing,Warehouse-1,Aisle-5,0,29.99,Supplier-A,Out-of-Stock,2023-03-05,0.0
484,1495,Gadget-Y,Toys,Warehouse-3,Aisle-3,0,29.99,Supplier-C,Out-of-Stock,2023-01-15,0.0
485,1496,Widget-C,Toys,Warehouse-2,Aisle-3,300,29.99,Supplier-A,In-Stock,,8997.0
486,1496,Widget-B,Toys,Warehouse-2,Aisle-1,200,29.99,Supplier-C,In-Stock,2023-03-05,5998.0
487,1496,Gadget-X,Furniture,Warehouse-1,Aisle-2,50,49.99,Supplier-C,Low-Stock,2023-04-25,2499.5
488,1498,Gadget-X,Toys,Warehouse-2,Aisle-5,150,19.99,Supplier-C,In-Stock,2023-01-15,2998.4999999999995
489,1498,Widget-A,Furniture,Warehouse-1,Aisle-1,150,19.99,Supplier-A,In-Stock,2023-01-15,2998.4999999999995
490,1499,Gadget-Z,Toys,Warehouse-2,Aisle-3,0,29.99,Supplier-B,Out-of-Stock,2023-01-15,0.0
491,1500,Widget-A,Toys,Warehouse-2,Aisle-5,100,19.99,Supplier-D,Low-Stock,2022-12-20,1998.9999999999998
492,1501,Gadget-X,Clothing,Warehouse-3,Aisle-5,50,29.99,Supplier-D,Low-Stock,2023-01-15,1499.5
493,1502,Gadget-X,Furniture,Warehouse-1,Aisle-4,0,9.99,Supplier-B,Out-of-Stock,2023-01-15,0.0
494,1502,Gadget-X,Toys,Warehouse-1,Aisle-2,200,29.99,Supplier-A,In-Stock,2022-12-20,5998.0
495,1503,Gadget-Y,Clothing,Warehouse-2,Aisle-2,150,49.99,Supplier-B,In-Stock,2023-01-15,7498.5
496,1504,Widget-C,Clothing,Warehouse-3,Aisle-3,50,19.99,Supplier-C,Low-Stock,2022-12-20,999.4999999999999
497,1504,Widget-B,Furniture,Warehouse-3,Aisle-4,0,19.99,Supplier-C,Out-of-Stock,2023-01-15,0.0
498,1505,Widget-A,Furniture,Warehouse-1,Aisle-2,150,9.99,Supplier-C,In-Stock,2023-03-05,1498.5
499,1505,Gadget-Z,Furniture,Warehouse-3,Aisle-2,0,19.99,Supplier-D,Out-of-Stock,2023-04-25,0.0
500,1505,Widget-A,Electronics,Warehouse-2,Aisle-1,0,29.99,Supplier-B,Out-of-Stock,2023-04-25,0.0
501,1507,Widget-A,Electronics,Warehouse-1,Aisle-2,200,29.99,Supplier-B,In-Stock,2022-12-20,5998.0
502,1508,Widget-B,Electronics,Warehouse-2,Aisle-3,200,49.99,Supplier-A,In-Stock,2022-12-20,9998.0
503,1509,Gadget-X,Furniture,Warehouse-2,Aisle-4,50,29.99,Supplier-C,Low-Stock,2023-03-05,1499.5
504,1509,Gadget-X,Toys,Warehouse-3,Aisle-2,300,29.99,Supplier-D,In-Stock,2023-03-05,8997.0
505,1510,Gadget-X,Furniture,Warehouse-3,Aisle-2,150,29.99,Supplier-A,In-Stock,2022-12-20,4498.5
506,1510,Widget-C,Toys,Warehouse-2,Aisle-4,300,9.99,Supplier-B,In-Stock,2023-03-05,2997.0
507,1510,Widget-C,Electronics,Warehouse-2,Aisle-3,300,29.99,Supplier-D,In-Stock,2023-04-25,8997.0
508,1510,Widget-A,Electronics,Warehouse-2,Aisle-3,200,29.99,Supplier-D,In-Stock,,5998.0
509,1511,Widget-C,Clothing,Warehouse-2,Aisle-3,200,29.99,Supplier-A,In-Stock,2022-12-20,5998.0
510,1511,Widget-B,Electronics,Warehouse-2,Aisle-3,150,49.99,Supplier-C,In-Stock,,7498.5
511,1512,Widget-A,Toys,Warehouse-3,Aisle-4,200,19.99,Supplier-C,In-Stock,2023-03-05,3997.9999999999995
512,1512,Widget-B,Electronics,Warehouse-3,Aisle-3,150,49.99,Supplier-A,In-Stock,2023-03-05,7498.5
513,1515,Gadget-Y,Clothing,Warehouse-2,Aisle-2,50,29.99,Supplier-A,Low-Stock,,1499.5
514,1515,Gadget-Y,Electronics,Warehouse-2,Aisle-4,300,19.99,Supplier-B,In-Stock,2023-01-15,5996.999999999999
515,1516,Widget-A,Furniture,Warehouse-1,Aisle-1,150,19.99,Supplier-C,In-Stock,,2998.4999999999995
516,1517,Widget-A,Clothing,Warehouse-1,Aisle-1,0,49.99,Supplier-C,Out-of-Stock,2023-01-15,0.0
517,1518,Gadget-X,Clothing,Warehouse-3,Aisle-4,150,29.99,Supplier-A,In-Stock,2023-01-15,4498.5
518,1520,Gadget-Y,Furniture,Warehouse-1,Aisle-3,150,19.99,Supplier-B,In-Stock,2022-12-20,2998.4999999999995
519,1521,Gadget-Z,Electronics,Warehouse-1,Aisle-3,100,29.99,Supplier-B,Low-Stock,2023-03-05,2999.0
520,1524,Gadget-Z,Clothing,Warehouse-3,Aisle-1,300,49.99,Supplier-B,In-Stock,2023-01-15,14997.0
521,1524,Gadget-Z,Clothing,Warehouse-1,Aisle-2,300,29.99,Supplier-C,In-Stock,,8997.0
522,1524,Widget-A,Furniture,Warehouse-3,Aisle-4,300,29.99,Supplier-C,In-Stock,2023-03-05,8997.0
523,1525,Gadget-Z,Clothing,Warehouse-1,Aisle-1,150,49.99,Supplier-D,In-Stock,,7498.5
524,1530,Widget-B,Toys,Warehouse-1,Aisle-1,100,49.99,Supplier-B,Low-Stock,2023-03-05,4999.0
525,1531,Widget-A,Clothing,Warehouse-1,Aisle-2,200,49.99,Supplier-C,In-Stock,2023-04-25,9998.0
526,1537,Widget-A,Toys,Warehouse-1,Aisle-4,300,29.99,Supplier-B,In-Stock,2023-01-15,8997.0
527,1539,Widget-A,Furniture,Warehouse-1,Aisle-3,150,19.99,Supplier-B,In-Stock,2023-04-25,2998.4999999999995
528,1540,Widget-B,Electronics,Warehouse-2,Aisle-1,100,29.99,Supplier-B,Low-Stock,2023-03-05,2999.0
529,1544,Widget-C,Electronics,Warehouse-2,Aisle-5,300,29.99,Supplier-D,In-Stock,2023-01-15,8997.0
530,1546,Widget-C,Furniture,Warehouse-2,Aisle-2,0,9.99,Supplier-C,Out-of-Stock,2023-01-15,0.0
531,1546,Widget-A,Clothing,Warehouse-1,Aisle-4,50,29.99,Supplier-D,Low-Stock,,1499.5
532,1546,Gadget-Z,Electronics,Warehouse-2,Aisle-4,300,19.99,Supplier-A,In-Stock,,5996.999999999999
533,1547,Widget-B,Toys,Warehouse-2,Aisle-1,200,9.99,Supplier-C,In-Stock,,1998.0
534,1550,Widget-A,Electronics,Warehouse-1,Aisle-1,300,49.99,Supplier-B,In-Stock,2022-12-20,14997.0
535,1550,Gadget-Z,Clothing,Warehouse-1,Aisle-1,0,19.99,Supplier-B,Out-of-Stock,2023-01-15,0.0
536,1553,Gadget-X,Furniture,Warehouse-1,Aisle-3,100,29.99,Supplier-C,Low-Stock,2023-04-25,2999.0
537,1555,Widget-A,Toys,Warehouse-2,Aisle-5,50,9.99,Supplier-B,Low-Stock,2022-12-20,499.5
538,1555,Widget-B,Clothing,Warehouse-2,Aisle-5,200,19.99,Supplier-A,In-Stock,,3997.9999999999995
539,1555,Gadget-Y,Electronics,Warehouse-3,Aisle-1,100,19.99,Supplier-C,Low-Stock,2022-12-20,1998.9999999999998
540,1555,Gadget-Z,Furniture,Warehouse-1,Aisle-3,300,9.99,Supplier-A,In-Stock,,2997.0
541,1556,Gadget-X,Clothing,Warehouse-1,Aisle-3,50,49.99,Supplier-C,Low-Stock,2023-04-25,2499.5
542,1557,Widget-B,Toys,Warehouse-3,Aisle-2,300,29.99,Supplier-A,In-Stock,2023-03-05,8997.0
543,1559,Widget-A,Electronics,Warehouse-1,Aisle-1,300,19.99,Supplier-B,In-Stock,2023-04-25,5996.999999999999
544,1560,Gadget-Z,Electronics,Warehouse-1,Aisle-4,150,49.99,Supplier-C,In-Stock,,7498.5
545,1561,Widget-A,Clothing,Warehouse-3,Aisle-2,50,49.99,Supplier-A,Low-Stock,,2499.5
546,1562,Widget-B,Electronics,Warehouse-2,Aisle-4,150,29.99,Supplier-C,In-Stock,2022-12-20,4498.5
547,1562,Gadget-Y,Clothing,Warehouse-2,Aisle-1,300,19.99,Supplier-C,In-Stock,,5996.999999999999
548,1563,Gadget-Y,Electronics,Warehouse-3,Aisle-4,50,29.99,Supplier-B,Low-Stock,2022-12-20,1499.5
549,1563,Widget-A,Electronics,Warehouse-3,Aisle-2,200,49.99,Supplier-A,In-Stock,2023-01-15,9998.0
550,1563,Gadget-X,Furniture,Warehouse-1,Aisle-2,150,49.99,Supplier-C,In-Stock,2022-12-20,7498.5
551,1564,Gadget-Y,Toys,Warehouse-3,Aisle-3,150,29.99,Supplier-C,In-Stock,2023-03-05,4498.5
552,1564,Widget-B,Furniture,Warehouse-1,Aisle-1,100,29.99,Supplier-C,Low-Stock,2023-01-15,2999.0
553,1565,Widget-A,Toys,Warehouse-1,Aisle-3,300,19.99,Supplier-B,In-Stock,,5996.999999999999
554,1565,Widget-B,Electronics,Warehouse-3,Aisle-2,100,19.99,Supplier-B,Low-Stock,2023-04-25,1998.9999999999998
555,1565,Gadget-Z,Furniture,Warehouse-3,Aisle-5,100,19.99,Supplier-C,Low-Stock,2023-01-15,1998.9999999999998
556,1565,Widget-B,Clothing,Warehouse-3,Aisle-5,0,49.99,Supplier-C,Out-of-Stock,2022-12-20,0.0
557,1566,Widget-B,Clothing,Warehouse-3,Aisle-1,200,49.99,Supplier-D,In-Stock,2023-04-25,9998.0
558,1568,Widget-C,Clothing,Warehouse-2,Aisle-1,300,49.99,Supplier-A,In-Stock,2022-12-20,14997.0
559,1569,Gadget-X,Clothing,Warehouse-1,Aisle-3,0,49.99,Supplier-A,Out-of-Stock,2023-04-25,0.0
560,1569,Gadget-Y,Electronics,Warehouse-1,Aisle-4,50,29.99,Supplier-D,Low-Stock,2023-04-25,1499.5
561,1571,Widget-B,Furniture,Warehouse-3,Aisle-2,100,29.99,Supplier-B,Low-Stock,2023-03-05,2999.0
562,1571,Gadget-X,Clothing,Warehouse-3,Aisle-1,150,49.99,Supplier-C,In-Stock,2023-01-15,7498.5
563,1573,Widget-A,Electronics,Warehouse-2,Aisle-3,100,29.99,Supplier-A,Low-Stock,2023-04-25,2999.0
564,1573,Widget-B,Electronics,Warehouse-2,Aisle-3,200,29.99,Supplier-A,In-Stock,,5998.0
565,1574,Gadget-Z,Furniture,Warehouse-3,Aisle-1,100,49.99,Supplier-A,Low-Stock,2023-04-25,4999.0
566,1574,Widget-A,Furniture,Warehouse-2,Aisle-4,50,9.99,Supplier-D,Low-Stock,2023-01-15,499.5
567,1576,Widget-B,Electronics,Warehouse-2,Aisle-1,200,49.99,Supplier-B,In-Stock,2023-03-05,9998.0
568,1577,Gadget-Y,Furniture,Warehouse-2,Aisle-2,150,19.99,Supplier-B,In-Stock,,2998.4999999999995
569,1579,Gadget-Z,Toys,Warehouse-1,Aisle-1,50,29.99,Supplier-B,Low-Stock,2022-12-20,1499.5
570,1580,Gadget-Y,Electronics,Warehouse-3,Aisle-2,100,29.99,Supplier-C,Low-Stock,,2999.0
571,1586,Gadget-Z,Clothing,Warehouse-3,Aisle-4,150,29.99,Supplier-A,In-Stock,2022-12-20,4498.5
572,1587,Widget-A,Furniture,Warehouse-3,Aisle-3,50,49.99,Supplier-B,Low-Stock,2023-04-25,2499.5
573,1592,Widget-B,Furniture,Warehouse-2,Aisle-2,300,49.99,Supplier-D,In-Stock,2022-12-20,14997.0
574,1593,Widget-B,Clothing,Warehouse-1,Aisle-1,100,29.99,Supplier-A,Low-Stock,2023-04-25,2999.0
575,1595,Widget-B,Electronics,Warehouse-2,Aisle-1,150,29.99,Supplier-C,In-Stock,,4498.5
576,1600,Widget-C,Clothing,Warehouse-2,Aisle-1,0,29.99,Supplier-D,Out-of-Stock,2022-12-20,0.0
577,1600,Gadget-Z,Electronics,Warehouse-3,Aisle-5,300,49.99,Supplier-B,In-Stock,2023-01-15,14997.0
578,1601,Widget-B,Toys,Warehouse-3,Aisle-3,0,49.99,Supplier-D,Out-of-Stock,2023-04-25,0.0
579,1603,Gadget-Y,Furniture,Warehouse-2,Aisle-3,300,9.99,Supplier-C,In-Stock,2023-03-05,2997.0
580,1604,Widget-C,Furniture,Warehouse-2,Aisle-4,200,29.99,Supplier-D,In-Stock,2023-01-15,5998.0
581,1606,Widget-A,Clothing,Warehouse-2,Aisle-5,0,19.99,Supplier-D,Out-of-Stock,,0.0
582,1606,Widget-C,Furniture,Warehouse-2,Aisle-2,100,49.99,Supplier-D,Low-Stock,2023-04-25,4999.0
583,1607,Widget-C,Clothing,Warehouse-1,Aisle-5,0,29.99,Supplier-B,Out-of-Stock,2023-04-25,0.0
584,1607,Gadget-Y,Clothing,Warehouse-3,Aisle-2,200,29.99,Supplier-A,In-Stock,2023-01-15,5998.0
585,1608,Widget-A,Furniture,Warehouse-2,Aisle-1,50,49.99,Supplier-C,Low-Stock,2023-01-15,2499.5
586,1608,Gadget-Y,Electronics,Warehouse-3,Aisle-5,150,29.99,Supplier-C,In-Stock,2022-12-20,4498.5
587,1609,Gadget-Y,Clothing,Warehouse-2,Aisle-1,0,19.99,Supplier-D,Out-of-Stock,2023-03-05,0.0
588,1610,Widget-C,Clothing,Warehouse-3,Aisle-5,300,19.99,Supplier-D,In-Stock,2022-12-20,5996.999999999999
589,1611,Gadget-Y,Electronics,Warehouse-2,Aisle-2,50,19.99,Supplier-A,Low-Stock,2023-03-05,999.4999999999999
590,1611,Gadget-Y,Clothing,Warehouse-3,Aisle-4,100,29.99,Supplier-A,Low-Stock,2023-03-05,2999.0
591,1612,Widget-B,Furniture,Warehouse-1,Aisle-4,150,29.99,Supplier-B,In-Stock,,4498.5
592,1612,Gadget-Z,Electronics,Warehouse-3,Aisle-3,0,19.99,Supplier-B,Out-of-Stock,,0.0
593,1612,Gadget-Z,Toys,Warehouse-2,Aisle-5,300,29.99,Supplier-D,In-Stock,2023-04-25,8997.0
594,1612,Widget-C,Electronics,Warehouse-1,Aisle-4,300,29.99,Supplier-D,In-Stock,2023-04-25,8997.0
595,1614,Gadget-Y,Electronics,Warehouse-3,Aisle-3,300,9.99,Supplier-B,In-Stock,2023-03-05,2997.0
596,1616,Gadget-Y,Toys,Warehouse-3,Aisle-5,100,19.99,Supplier-B,Low-Stock,2023-03-05,1998.9999999999998
597,1619,Gadget-Z,Clothing,Warehouse-2,Aisle-2,100,29.99,Supplier-B,Low-Stock,,2999.0
598,1619,Widget-A,Electronics,Warehouse-2,Aisle-1,200,19.99,Supplier-C,In-Stock,,3997.9999999999995
599,1623,Widget-B,Furniture,Warehouse-2,Aisle-4,300,29.99,Supplier-B,In-Stock,2023-04-25,8997.0
600,1624,Gadget-Z,Clothing,Warehouse-2,Aisle-1,0,9.99,Supplier-C,Out-of-Stock,2023-03-05,0.0
601,1624,Gadget-Z,Clothing,Warehouse-2,Aisle-2,300,49.99,Supplier-D,In-Stock,,14997.0
602,1625,Gadget-Y,Clothing,Warehouse-3,Aisle-1,150,29.99,Supplier-B,In-Stock,2023-03-05,4498.5
603,1625,Widget-A,Clothing,Warehouse-3,Aisle-2,300,29.99,Supplier-A,In-Stock,2023-01-15,8997.0
604,1627,Gadget-Y,Furniture,Warehouse-2,Aisle-4,50,29.99,Supplier-A,Low-Stock,2023-03-05,1499.5
605,1627,Widget-A,Furniture,Warehouse-1,Aisle-5,100,49.99,Supplier-D,Low-Stock,2023-04-25,4999.0
606,1632,Widget-C,Furniture,Warehouse-1,Aisle-5,150,29.99,Supplier-B,In-Stock,2022-12-20,4498.5
607,1633,Widget-C,Electronics,Warehouse-3,Aisle-2,0,19.99,Supplier-C,Out-of-Stock,,0.0
608,1633,Widget-A,Toys,Warehouse-1,Aisle-3,0,9.99,Supplier-C,Out-of-Stock,,0.0
609,1633,Gadget-X,Electronics,Warehouse-1,Aisle-4,50,19.99,Supplier-A,Low-Stock,,999.4999999999999
610,1635,Gadget-X,Electronics,Warehouse-1,Aisle-1,150,29.99,Supplier-A,In-Stock,2023-03-05,4498.5
611,1637,Gadget-Y,Furniture,Warehouse-1,Aisle-2,200,29.99,Supplier-B,In-Stock,2023-01-15,5998.0
612,1637,Widget-B,Furniture,Warehouse-3,Aisle-4,0,29.99,Supplier-B,Out-of-Stock,2023-03-05,0.0
613,1637,Gadget-Y,Furniture,Warehouse-1,Aisle-3,50,29.99,Supplier-A,Low-Stock,2023-01-15,1499.5
614,1638,Widget-A,Furniture,Warehouse-3,Aisle-5,300,29.99,Supplier-C,In-Stock,2023-03-05,8997.0
615,1639,Gadget-Y,Electronics,Warehouse-1,Aisle-2,50,29.99,Supplier-D,Low-Stock,2023-01-15,1499.5
616,1639,Widget-C,Electronics,Warehouse-2,Aisle-2,50,29.99,Supplier-C,Low-Stock,2022-12-20,1499.5
617,1639,Widget-B,Electronics,Warehouse-1,Aisle-5,200,9.99,Supplier-D,In-Stock,2023-01-15,1998.0
618,1640,Widget-A,Toys,Warehouse-3,Aisle-5,200,49.99,Supplier-D,In-Stock,2023-03-05,9998.0
619,1640,Gadget-Z,Clothing,Warehouse-3,Aisle-5,200,29.99,Supplier-A,In-Stock,2023-01-15,5998.0
620,1641,Widget-C,Furniture,Warehouse-2,Aisle-3,50,29.99,Supplier-D,Low-Stock,2023-01-15,1499.5
621,1642,Widget-C,Electronics,Warehouse-3,Aisle-4,300,29.99,Supplier-D,In-Stock,,8997.0
622,1645,Widget-C,Clothing,Warehouse-1,Aisle-2,100,49.99,Supplier-C,Low-Stock,2023-01-15,4999.0
623,1646,Widget-A,Electronics,Warehouse-1,Aisle-2,0,49.99,Supplier-A,Out-of-Stock,2023-01-15,0.0
624,1647,Gadget-Y,Clothing,Warehouse-2,Aisle-5,0,49.99,Supplier-B,Out-of-Stock,,0.0
625,1647,Gadget-Z,Electronics,Warehouse-1,Aisle-1,150,49.99,Supplier-A,In-Stock,2022-12-20,7498.5
626,1647,Gadget-X,Electronics,Warehouse-2,Aisle-2,150,49.99,Supplier-C,In-Stock,2022-12-20,7498.5
627,1648,Gadget-Z,Electronics,Warehouse-2,Aisle-4,200,29.99,Supplier-C,In-Stock,,5998.0
628,1651,Gadget-X,Furniture,Warehouse-1,Aisle-4,200,19.99,Supplier-A,In-Stock,2023-03-05,3997.9999999999995
629,1652,Widget-B,Toys,Warehouse-2,Aisle-1,300,9.99,Supplier-C,In-Stock,2022-12-20,2997.0
630,1652,Gadget-Z,Toys,Warehouse-1,Aisle-1,0,49.99,Supplier-B,Out-of-Stock,2022-12-20,0.0
631,1653,Widget-B,Clothing,Warehouse-1,Aisle-4,0,29.99,Supplier-B,Out-of-Stock,,0.0
632,1654,Widget-A,Toys,Warehouse-2,Aisle-5,100,49.99,Supplier-A,Low-Stock,2023-04-25,4999.0
633,1655,Widget-A,Clothing,Warehouse-3,Aisle-5,300,49.99,Supplier-C,In-Stock,2023-01-15,14997.0
634,1655,Widget-B,Electronics,Warehouse-2,Aisle-2,300,29.99,Supplier-A,In-Stock,2022-12-20,8997.0
635,1655,Gadget-Y,Furniture,Warehouse-3,Aisle-2,0,49.99,Supplier-D,Out-of-Stock,2023-04-25,0.0
636,1656,Gadget-Z,Toys,Warehouse-1,Aisle-5,300,29.99,Supplier-A,In-Stock,2022-12-20,8997.0
637,1656,Gadget-Z,Furniture,Warehouse-1,Aisle-5,50,9.99,Supplier-A,Low-Stock,2023-03-05,499.5
638,1657,Gadget-X,Toys,Warehouse-2,Aisle-4,50,29.99,Supplier-B,Low-Stock,2023-01-15,1499.5
639,1658,Gadget-Y,Electronics,Warehouse-2,Aisle-4,150,29.99,Supplier-A,In-Stock,,4498.5
640,1658,Gadget-Y,Furniture,Warehouse-1,Aisle-2,150,19.99,Supplier-C,In-Stock,,2998.4999999999995
641,1658,Widget-C,Electronics,Warehouse-1,Aisle-3,150,9.99,Supplier-A,In-Stock,,1498.5
642,1658,Widget-C,Furniture,Warehouse-1,Aisle-1,150,9.99,Supplier-B,In-Stock,2022-12-20,1498.5
643,1658,Widget-A,Toys,Warehouse-1,Aisle-4,150,19.99,Supplier-B,In-Stock,,2998.4999999999995
644,1659,Gadget-Z,Clothing,Warehouse-2,Aisle-1,200,19.99,Supplier-B,In-Stock,,3997.9999999999995
645,1659,Gadget-X,Furniture,Warehouse-3,Aisle-1,300,49.99,Supplier-C,In-Stock,2023-01-15,14997.0
646,1661,Widget-A,Clothing,Warehouse-2,Aisle-1,50,49.99,Supplier-C,Low-Stock,2023-03-05,2499.5
647,1662,Gadget-X,Toys,Warehouse-2,Aisle-3,100,29.99,Supplier-C,Low-Stock,,2999.0
648,1662,Widget-A,Electronics,Warehouse-3,Aisle-3,150,19.99,Supplier-D,In-Stock,2023-03-05,2998.4999999999995
649,1663,Widget-A,Electronics,Warehouse-1,Aisle-2,0,19.99,Supplier-D,Out-of-Stock,2023-04-25,0.0
650,1663,Widget-A,Furniture,Warehouse-2,Aisle-5,50,49.99,Supplier-C,Low-Stock,2023-03-05,2499.5
651,1663,Widget-A,Toys,Warehouse-3,Aisle-3,0,29.99,Supplier-A,Out-of-Stock,2023-01-15,0.0
652,1663,Widget-B,Furniture,Warehouse-3,Aisle-1,200,19.99,Supplier-C,In-Stock,2023-01-15,3997.9999999999995
653,1664,Gadget-Y,Furniture,Warehouse-2,Aisle-4,150,9.99,Supplier-A,In-Stock,2022-12-20,1498.5
654,1667,Widget-B,Furniture,Warehouse-3,Aisle-1,100,29.99,Supplier-B,Low-Stock,2023-01-15,2999.0
655,1669,Gadget-Y,Electronics,Warehouse-2,Aisle-2,50,49.99,Supplier-B,Low-Stock,,2499.5
656,1669,Widget-B,Furniture,Warehouse-2,Aisle-4,150,19.99,Supplier-C,In-Stock,,2998.4999999999995
657,1671,Widget-B,Electronics,Warehouse-3,Aisle-3,200,29.99,Supplier-B,In-Stock,2022-12-20,5998.0
658,1671,Widget-C,Toys,Warehouse-3,Aisle-3,200,19.99,Supplier-A,In-Stock,,3997.9999999999995
659,1671,Gadget-Y,Electronics,Warehouse-1,Aisle-4,100,29.99,Supplier-B,Low-Stock,2023-03-05,2999.0
660,1672,Widget-C,Electronics,Warehouse-3,Aisle-2,100,29.99,Supplier-B,Low-Stock,,2999.0
661,1674,Gadget-X,Clothing,Warehouse-1,Aisle-3,300,29.99,Supplier-B,In-Stock,2023-04-25,8997.0
662,1674,Widget-B,Clothing,Warehouse-3,Aisle-4,200,19.99,Supplier-A,In-Stock,2022-12-20,3997.9999999999995
663,1675,Widget-A,Furniture,Warehouse-1,Aisle-3,50,9.99,Supplier-B,Low-Stock,2022-12-20,499.5
664,1675,Gadget-Z,Toys,Warehouse-2,Aisle-2,150,29.99,Supplier-D,In-Stock,2023-03-05,4498.5
665,1675,Gadget-X,Furniture,Warehouse-1,Aisle-4,0,49.99,Supplier-D,Out-of-Stock,2022-12-20,0.0
666,1676,Widget-A,Toys,Warehouse-2,Aisle-3,300,49.99,Supplier-B,In-Stock,,14997.0
667,1680,Gadget-Z,Electronics,Warehouse-1,Aisle-3,50,49.99,Supplier-C,Low-Stock,2022-12-20,2499.5
668,1681,Gadget-Z,Clothing,Warehouse-2,Aisle-3,100,9.99,Supplier-A,Low-Stock,2022-12-20,999.0
669,1681,Gadget-Z,Clothing,Warehouse-3,Aisle-5,150,49.99,Supplier-B,In-Stock,2022-12-20,7498.5
670,1681,Widget-C,Furniture,Warehouse-2,Aisle-2,300,9.99,Supplier-C,In-Stock,2022-12-20,2997.0
671,1681,Widget-C,Furniture,Warehouse-1,Aisle-2,50,29.99,Supplier-D,Low-Stock,2023-04-25,1499.5
672,1683,Gadget-Z,Clothing,Warehouse-3,Aisle-5,300,29.99,Supplier-D,In-Stock,2022-12-20,8997.0
673,1683,Gadget-X,Toys,Warehouse-2,Aisle-2,100,19.99,Supplier-A,Low-Stock,,1998.9999999999998
674,1683,Gadget-Z,Furniture,Warehouse-1,Aisle-5,0,29.99,Supplier-A,Out-of-Stock,2023-01-15,0.0
675,1684,Widget-C,Furniture,Warehouse-3,Aisle-5,300,29.99,Supplier-B,In-Stock,2022-12-20,8997.0
676,1684,Gadget-Y,Furniture,Warehouse-2,Aisle-4,50,19.99,Supplier-A,Low-Stock,2023-04-25,999.4999999999999
677,1685,Gadget-X,Clothing,Warehouse-1,Aisle-2,300,29.99,Supplier-D,In-Stock,2023-01-15,8997.0
678,1686,Widget-B,Clothing,Warehouse-1,Aisle-4,0,29.99,Supplier-A,Out-of-Stock,2023-03-05,0.0
679,1687,Gadget-X,Clothing,Warehouse-1,Aisle-1,50,29.99,Supplier-B,Low-Stock,2023-03-05,1499.5
680,1688,Gadget-X,Furniture,Warehouse-3,Aisle-3,200,49.99,Supplier-D,In-Stock,,9998.0
681,1689,Gadget-X,Toys,Warehouse-2,Aisle-1,150,19.99,Supplier-C,In-Stock,2023-03-05,2998.4999999999995
682,1690,Widget-A,Toys,Warehouse-2,Aisle-2,150,9.99,Supplier-B,In-Stock,2023-03-05,1498.5
683,1690,Widget-A,Furniture,Warehouse-3,Aisle-5,300,49.99,Supplier-D,In-Stock,2023-03-05,14997.0
684,1691,Gadget-Z,Toys,Warehouse-1,Aisle-2,100,29.99,Supplier-D,Low-Stock,2022-12-20,2999.0
685,1691,Gadget-Z,Clothing,Warehouse-3,Aisle-2,300,29.99,Supplier-A,In-Stock,,8997.0
686,1692,Gadget-Y,Electronics,Warehouse-3,Aisle-1,150,9.99,Supplier-A,In-Stock,,1498.5
687,1694,Gadget-Y,Toys,Warehouse-2,Aisle-3,150,9.99,Supplier-D,In-Stock,,1498.5
688,1696,Gadget-Y,Toys,Warehouse-2,Aisle-1,50,29.99,Supplier-C,Low-Stock,,1499.5
689,1697,Gadget-Z,Furniture,Warehouse-2,Aisle-3,50,19.99,Supplier-A,Low-Stock,2022-12-20,999.4999999999999
690,1697,Widget-A,Furniture,Warehouse-1,Aisle-2,50,19.99,Supplier-B,Low-Stock,2023-01-15,999.4999999999999
691,1698,Gadget-X,Clothing,Warehouse-1,Aisle-3,100,29.99,Supplier-D,Low-Stock,2023-01-15,2999.0
692,1698,Widget-C,Furniture,Warehouse-3,Aisle-1,0,29.99,Supplier-C,Out-of-Stock,2022-12-20,0.0
693,1698,Widget-C,Furniture,Warehouse-2,Aisle-5,0,9.99,Supplier-B,Out-of-Stock,2022-12-20,0.0
694,1699,Gadget-X,Furniture,Warehouse-3,Aisle-5,0,9.99,Supplier-B,Out-of-Stock,,0.0
695,1699,Gadget-Y,Clothing,Warehouse-1,Aisle-1,0,9.99,Supplier-B,Out-of-Stock,,0.0
696,1700,Widget-A,Clothing,Warehouse-2,Aisle-2,200,49.99,Supplier-B,In-Stock,2022-12-20,9998.0
697,1701,Widget-C,Toys,Warehouse-2,Aisle-4,100,29.99,Supplier-C,Low-Stock,2023-04-25,2999.0
698,1702,Gadget-X,Electronics,Warehouse-3,Aisle-5,100,29.99,Supplier-C,Low-Stock,2023-01-15,2999.0
699,1703,Gadget-Y,Toys,Warehouse-3,Aisle-1,300,9.99,Supplier-A,In-Stock,2023-04-25,2997.0
700,1703,Gadget-Y,Toys,Warehouse-2,Aisle-4,100,29.99,Supplier-A,Low-Stock,2023-01-15,2999.0
701,1705,Widget-C,Electronics,Warehouse-1,Aisle-4,50,49.99,Supplier-B,Low-Stock,2022-12-20,2499.5
702,1708,Gadget-Z,Toys,Warehouse-3,Aisle-1,200,29.99,Supplier-C,In-Stock,2023-03-05,5998.0
703,1709,Gadget-X,Furniture,Warehouse-2,Aisle-2,100,19.99,Supplier-B,Low-Stock,2023-04-25,1998.9999999999998
704,1709,Widget-A,Electronics,Warehouse-1,Aisle-5,200,29.99,Supplier-A,In-Stock,2023-04-25,5998.0
705,1710,Gadget-X,Electronics,Warehouse-1,Aisle-5,50,19.99,Supplier-B,Low-Stock,,999.4999999999999
706,1713,Widget-B,Clothing,Warehouse-3,Aisle-5,300,9.99,Supplier-D,In-Stock,2023-01-15,2997.0
707,1717,Gadget-Y,Electronics,Warehouse-3,Aisle-3,300,19.99,Supplier-A,In-Stock,,5996.999999999999
708,1719,Widget-C,Furniture,Warehouse-1,Aisle-1,100,29.99,Supplier-C,Low-Stock,2022-12-20,2999.0
709,1719,Gadget-X,Clothing,Warehouse-3,Aisle-5,150,29.99,Supplier-C,In-Stock,2023-01-15,4498.5
710,1723,Widget-C,Furniture,Warehouse-1,Aisle-3,0,29.99,Supplier-A,Out-of-Stock,2023-03-05,0.0
711,1724,Widget-A,Electronics,Warehouse-3,Aisle-5,150,9.99,Supplier-B,In-Stock,2023-01-15,1498.5
712,1725,Widget-B,Furniture,Warehouse-2,Aisle-5,50,9.99,Supplier-A,Low-Stock,2023-04-25,499.5
713,1726,Widget-B,Electronics,Warehouse-2,Aisle-5,300,9.99,Supplier-A,In-Stock,2023-04-25,2997.0
714,1726,Widget-C,Electronics,Warehouse-3,Aisle-1,200,9.99,Supplier-B,In-Stock,2023-01-15,1998.0
715,1726,Widget-A,Toys,Warehouse-2,Aisle-3,0,29.99,Supplier-D,Out-of-Stock,2023-03-05,0.0
716,1727,Widget-C,Furniture,Warehouse-2,Aisle-5,200,9.99,Supplier-A,In-Stock,,1998.0
717,1728,Gadget-Z,Clothing,Warehouse-1,Aisle-5,300,9.99,Supplier-B,In-Stock,2023-04-25,2997.0
718,1728,Widget-B,Toys,Warehouse-3,Aisle-3,300,29.99,Supplier-C,In-Stock,2023-04-25,8997.0
719,1729,Widget-A,Clothing,Warehouse-3,Aisle-4,0,19.99,Supplier-B,Out-of-Stock,,0.0
720,1729,Widget-A,Clothing,Warehouse-3,Aisle-4,150,19.99,Supplier-A,In-Stock,2023-04-25,2998.4999999999995
721,1731,Gadget-Y,Toys,Warehouse-3,Aisle-4,150,29.99,Supplier-B,In-Stock,2023-03-05,4498.5
722,1731,Widget-B,Furniture,Warehouse-2,Aisle-1,150,9.99,Supplier-B,In-Stock,2023-04-25,1498.5
723,1732,Widget-B,Toys,Warehouse-1,Aisle-1,150,19.99,Supplier-B,In-Stock,2022-12-20,2998.4999999999995
724,1733,Gadget-X,Furniture,Warehouse-3,Aisle-4,150,29.99,Supplier-D,In-Stock,2023-04-25,4498.5
725,1733,Widget-A,Clothing,Warehouse-3,Aisle-5,50,9.99,Supplier-B,Low-Stock,2023-03-05,499.5
726,1734,Gadget-Z,Toys,Warehouse-3,Aisle-2,100,29.99,Supplier-A,Low-Stock,2023-03-05,2999.0
727,1734,Gadget-X,Electronics,Warehouse-2,Aisle-3,150,9.99,Supplier-B,In-Stock,,1498.5
728,1735,Widget-B,Clothing,Warehouse-3,Aisle-1,300,9.99,Supplier-D,In-Stock,,2997.0
729,1735,Gadget-Y,Electronics,Warehouse-1,Aisle-5,300,29.99,Supplier-D,In-Stock,,8997.0
730,1735,Gadget-Y,Clothing,Warehouse-2,Aisle-5,300,19.99,Supplier-D,In-Stock,2023-01-15,5996.999999999999
731,1738,Widget-A,Electronics,Warehouse-2,Aisle-1,150,49.99,Supplier-B,In-Stock,2023-01-15,7498.5
732,1738,Gadget-Y,Toys,Warehouse-3,Aisle-1,50,49.99,Supplier-A,Low-Stock,2022-12-20,2499.5
733,1739,Widget-A,Electronics,Warehouse-2,Aisle-1,200,19.99,Supplier-D,In-Stock,2023-04-25,3997.9999999999995
734,1740,Widget-B,Clothing,Warehouse-3,Aisle-2,200,29.99,Supplier-C,In-Stock,2022-12-20,5998.0
735,1742,Gadget-Z,Toys,Warehouse-3,Aisle-5,150,29.99,Supplier-A,In-Stock,2023-03-05,4498.5
736,1744,Gadget-Z,Furniture,Warehouse-1,Aisle-1,150,29.99,Supplier-D,In-Stock,2023-03-05,4498.5
737,1744,Gadget-Z,Toys,Warehouse-1,Aisle-3,150,29.99,Supplier-A,In-Stock,2023-03-05,4498.5
738,1747,Widget-A,Clothing,Warehouse-1,Aisle-3,200,9.99,Supplier-C,In-Stock,2022-12-20,1998.0
739,1748,Gadget-Z,Clothing,Warehouse-2,Aisle-1,300,49.99,Supplier-C,In-Stock,2023-03-05,14997.0
740,1748,Widget-C,Furniture,Warehouse-1,Aisle-4,200,19.99,Supplier-D,In-Stock,2022-12-20,3997.9999999999995
741,1749,Gadget-Z,Electronics,Warehouse-2,Aisle-4,0,29.99,Supplier-B,Out-of-Stock,2023-03-05,0.0
742,1749,Gadget-X,Toys,Warehouse-1,Aisle-1,0,9.99,Supplier-C,Out-of-Stock,,0.0
743,1750,Gadget-Y,Furniture,Warehouse-3,Aisle-2,0,9.99,Supplier-A,Out-of-Stock,2023-01-15,0.0
744,1750,Gadget-Z,Electronics,Warehouse-2,Aisle-1,300,19.99,Supplier-B,In-Stock,2023-04-25,5996.999999999999
745,1751,Widget-A,Toys,Warehouse-3,Aisle-3,50,29.99,Supplier-B,Low-Stock,2023-04-25,1499.5
746,1751,Widget-C,Furniture,Warehouse-1,Aisle-1,200,29.99,Supplier-D,In-Stock,2023-01-15,5998.0
747,1753,Widget-C,Furniture,Warehouse-1,Aisle-5,200,9.99,Supplier-A,In-Stock,2023-01-15,1998.0
748,1753,Widget-C,Furniture,Warehouse-1,Aisle-2,200,29.99,Supplier-C,In-Stock,2022-12-20,5998.0
749,1757,Widget-B,Toys,Warehouse-1,Aisle-5,300,29.99,Supplier-D,In-Stock,2023-01-15,8997.0
750,1758,Widget-B,Clothing,Warehouse-1,Aisle-5,0,19.99,Supplier-B,Out-of-Stock,,0.0
751,1758,Widget-A,Toys,Warehouse-1,Aisle-5,150,29.99,Supplier-B,In-Stock,2023-01-15,4498.5
752,1760,Gadget-Y,Clothing,Warehouse-2,Aisle-1,200,29.99,Supplier-A,In-Stock,2023-04-25,5998.0
753,1761,Widget-C,Furniture,Warehouse-2,Aisle-4,50,49.99,Supplier-D,Low-Stock,2022-12-20,2499.5
754,1761,Gadget-X,Clothing,Warehouse-3,Aisle-3,50,29.99,Supplier-D,Low-Stock,2023-01-15,1499.5
755,1763,Gadget-Z,Clothing,Warehouse-1,Aisle-4,50,29.99,Supplier-C,Low-Stock,2022-12-20,1499.5
756,1763,Widget-A,Toys,Warehouse-1,Aisle-1,150,19.99,Supplier-D,In-Stock,2023-04-25,2998.4999999999995
757,1763,Gadget-Y,Electronics,Warehouse-1,Aisle-3,150,19.99,Supplier-B,In-Stock,2022-12-20,2998.4999999999995
758,1763,Gadget-Z,Toys,Warehouse-3,Aisle-3,200,49.99,Supplier-B,In-Stock,2023-04-25,9998.0
759,1766,Gadget-Z,Clothing,Warehouse-3,Aisle-3,150,29.99,Supplier-D,In-Stock,2023-01-15,4498.5
760,1766,Gadget-Y,Clothing,Warehouse-1,Aisle-4,200,49.99,Supplier-C,In-Stock,2023-01-15,9998.0
761,1768,Widget-C,Furniture,Warehouse-1,Aisle-1,100,29.99,Supplier-B,Low-Stock,2023-01-15,2999.0
762,1768,Widget-B,Toys,Warehouse-1,Aisle-4,200,19.99,Supplier-C,In-Stock,2023-01-15,3997.9999999999995
763,1769,Gadget-Z,Toys,Warehouse-1,Aisle-1,200,29.99,Supplier-B,In-Stock,2023-04-25,5998.0
764,1770,Gadget-Z,Clothing,Warehouse-3,Aisle-1,300,19.99,Supplier-D,In-Stock,2023-03-05,5996.999999999999
765,1771,Widget-A,Toys,Warehouse-3,Aisle-5,0,19.99,Supplier-C,Out-of-Stock,2023-01-15,0.0
766,1772,Gadget-Y,Clothing,Warehouse-2,Aisle-3,100,9.99,Supplier-B,Low-Stock,2022-12-20,999.0
767,1773,Widget-C,Furniture,Warehouse-1,Aisle-2,300,9.99,Supplier-C,In-Stock,2023-04-25,2997.0
768,1775,Widget-A,Electronics,Warehouse-3,Aisle-4,100,29.99,Supplier-C,Low-Stock,,2999.0
769,1775,Widget-B,Toys,Warehouse-3,Aisle-5,0,9.99,Supplier-A,Out-of-Stock,2022-12-20,0.0
770,1775,Gadget-Y,Toys,Warehouse-3,Aisle-5,300,29.99,Supplier-B,In-Stock,2023-04-25,8997.0
771,1775,Gadget-X,Electronics,Warehouse-3,Aisle-3,150,9.99,Supplier-B,In-Stock,2023-03-05,1498.5
772,1776,Gadget-Y,Toys,Warehouse-3,Aisle-4,300,49.99,Supplier-C,In-Stock,2023-03-05,14997.0
773,1778,Widget-A,Clothing,Warehouse-3,Aisle-1,200,29.99,Supplier-B,In-Stock,2023-01-15,5998.0
774,1779,Widget-C,Furniture,Warehouse-1,Aisle-4,200,29.99,Supplier-B,In-Stock,2022-12-20,5998.0
775,1779,Widget-B,Furniture,Warehouse-2,Aisle-1,150,49.99,Supplier-C,In-Stock,2022-12-20,7498.5
776,1782,Gadget-X,Furniture,Warehouse-2,Aisle-2,300,29.99,Supplier-A,In-Stock,2023-01-15,8997.0
777,1782,Gadget-Z,Furniture,Warehouse-3,Aisle-4,200,29.99,Supplier-C,In-Stock,2022-12-20,5998.0
778,1783,Gadget-Z,Electronics,Warehouse-1,Aisle-4,50,19.99,Supplier-C,Low-Stock,2022-12-20,999.4999999999999
779,1784,Widget-C,Electronics,Warehouse-2,Aisle-1,300,49.99,Supplier-A,In-Stock,2023-04-25,14997.0
780,1786,Widget-B,Clothing,Warehouse-1,Aisle-2,50,49.99,Supplier-B,Low-Stock,,2499.5
781,1786,Gadget-Y,Clothing,Warehouse-2,Aisle-5,0,9.99,Supplier-D,Out-of-Stock,,0.0
782,1789,Widget-C,Electronics,Warehouse-3,Aisle-1,200,49.99,Supplier-A,In-Stock,2023-01-15,9998.0
783,1790,Widget-B,Furniture,Warehouse-1,Aisle-1,150,29.99,Supplier-A,In-Stock,2023-01-15,4498.5
784,1791,Widget-A,Furniture,Warehouse-3,Aisle-1,200,29.99,Supplier-A,In-Stock,,5998.0
785,1791,Widget-C,Toys,Warehouse-2,Aisle-4,0,29.99,Supplier-C,Out-of-Stock,2023-01-15,0.0
786,1791,Widget-C,Electronics,Warehouse-1,Aisle-5,300,29.99,Supplier-D,In-Stock,2023-04-25,8997.0
787,1792,Widget-B,Toys,Warehouse-2,Aisle-1,0,29.99,Supplier-B,Out-of-Stock,,0.0
788,1794,Gadget-Z,Clothing,Warehouse-3,Aisle-5,50,19.99,Supplier-C,Low-Stock,2023-03-05,999.4999999999999
789,1794,Gadget-Z,Clothing,Warehouse-3,Aisle-2,200,19.99,Supplier-B,In-Stock,2023-04-25,3997.9999999999995
790,1795,Widget-C,Clothing,Warehouse-1,Aisle-5,300,29.99,Supplier-B,In-Stock,2023-01-15,8997.0
791,1795,Gadget-X,Furniture,Warehouse-1,Aisle-1,150,49.99,Supplier-D,In-Stock,2023-03-05,7498.5
792,1795,Widget-A,Furniture,Warehouse-3,Aisle-5,50,49.99,Supplier-B,Low-Stock,2022-12-20,2499.5
793,1797,Gadget-Z,Toys,Warehouse-3,Aisle-5,150,9.99,Supplier-C,In-Stock,2023-03-05,1498.5
794,1797,Widget-A,Electronics,Warehouse-3,Aisle-1,100,49.99,Supplier-C,Low-Stock,2023-01-15,4999.0
795,1797,Widget-B,Furniture,Warehouse-3,Aisle-1,100,49.99,Supplier-C,Low-Stock,2023-04-25,4999.0
796,1797,Gadget-Y,Electronics,Warehouse-2,Aisle-3,50,29.99,Supplier-A,Low-Stock,,1499.5
797,1799,Gadget-Y,Toys,Warehouse-3,Aisle-2,0,49.99,Supplier-A,Out-of-Stock,,0.0
798,1800,Widget-B,Furniture,Warehouse-1,Aisle-1,150,49.99,Supplier-A,In-Stock,2023-01-15,7498.5
799,1801,Gadget-X,Toys,Warehouse-1,Aisle-2,100,9.99,Supplier-D,Low-Stock,2023-04-25,999.0
800,1801,Widget-A,Clothing,Warehouse-1,Aisle-3,300,49.99,Supplier-D,In-Stock,,14997.0
801,1803,Gadget-X,Clothing,Warehouse-1,Aisle-4,200,49.99,Supplier-B,In-Stock,,9998.0
802,1804,Gadget-Y,Clothing,Warehouse-2,Aisle-2,0,19.99,Supplier-B,Out-of-Stock,2023-01-15,0.0
803,1805,Gadget-Y,Furniture,Warehouse-2,Aisle-2,300,9.99,Supplier-C,In-Stock,2023-01-15,2997.0
804,1806,Widget-A,Toys,Warehouse-2,Aisle-2,50,29.99,Supplier-B,Low-Stock,2023-04-25,1499.5
805,1810,Gadget-Y,Toys,Warehouse-1,Aisle-1,200,49.99,Supplier-C,In-Stock,2023-01-15,9998.0
806,1812,Gadget-Y,Clothing,Warehouse-1,Aisle-5,300,9.99,Supplier-D,In-Stock,,2997.0
807,1814,Widget-C,Clothing,Warehouse-1,Aisle-2,0,9.99,Supplier-A,Out-of-Stock,2023-04-25,0.0
808,1814,Gadget-Y,Electronics,Warehouse-3,Aisle-1,0,19.99,Supplier-B,Out-of-Stock,,0.0
809,1815,Gadget-X,Electronics,Warehouse-3,Aisle-4,200,9.99,Supplier-D,In-Stock,2023-04-25,1998.0
810,1815,Widget-A,Clothing,Warehouse-2,Aisle-2,0,9.99,Supplier-A,Out-of-Stock,2022-12-20,0.0
811,1815,Gadget-Y,Toys,Warehouse-2,Aisle-5,300,29.99,Supplier-C,In-Stock,2022-12-20,8997.0
812,1815,Gadget-Z,Clothing,Warehouse-1,Aisle-1,150,29.99,Supplier-C,In-Stock,,4498.5
813,1817,Widget-C,Furniture,Warehouse-3,Aisle-1,50,9.99,Supplier-C,Low-Stock,2023-03-05,499.5
814,1818,Gadget-X,Toys,Warehouse-3,Aisle-4,150,29.99,Supplier-B,In-Stock,,4498.5
815,1818,Gadget-Z,Toys,Warehouse-3,Aisle-4,100,29.99,Supplier-D,Low-Stock,2023-01-15,2999.0
816,1819,Widget-C,Electronics,Warehouse-3,Aisle-4,200,29.99,Supplier-D,In-Stock,2023-04-25,5998.0
817,1819,Widget-A,Furniture,Warehouse-2,Aisle-3,200,29.99,Supplier-B,In-Stock,2022-12-20,5998.0
818,1821,Gadget-Y,Toys,Warehouse-2,Aisle-2,50,49.99,Supplier-D,Low-Stock,,2499.5
819,1821,Widget-C,Toys,Warehouse-3,Aisle-1,100,29.99,Supplier-B,Low-Stock,2023-04-25,2999.0
820,1822,Gadget-Y,Toys,Warehouse-3,Aisle-1,50,29.99,Supplier-B,Low-Stock,2022-12-20,1499.5
821,1823,Gadget-Z,Toys,Warehouse-2,Aisle-5,0,29.99,Supplier-B,Out-of-Stock,2023-04-25,0.0
822,1823,Gadget-Y,Electronics,Warehouse-2,Aisle-3,300,19.99,Supplier-B,In-Stock,2022-12-20,5996.999999999999
823,1824,Gadget-Z,Toys,Warehouse-2,Aisle-2,150,9.99,Supplier-C,In-Stock,2022-12-20,1498.5
824,1825,Widget-C,Toys,Warehouse-3,Aisle-2,100,29.99,Supplier-D,Low-Stock,2023-03-05,2999.0
825,1826,Widget-C,Electronics,Warehouse-2,Aisle-5,100,19.99,Supplier-B,Low-Stock,2023-03-05,1998.9999999999998
826,1827,Gadget-X,Furniture,Warehouse-1,Aisle-3,150,29.99,Supplier-A,In-Stock,2023-03-05,4498.5
827,1828,Widget-C,Electronics,Warehouse-3,Aisle-1,150,19.99,Supplier-D,In-Stock,,2998.4999999999995
828,1828,Widget-A,Clothing,Warehouse-1,Aisle-5,100,29.99,Supplier-D,Low-Stock,2023-04-25,2999.0
829,1828,Widget-A,Electronics,Warehouse-1,Aisle-5,0,49.99,Supplier-B,Out-of-Stock,2022-12-20,0.0
830,1829,Widget-A,Furniture,Warehouse-3,Aisle-3,0,29.99,Supplier-A,Out-of-Stock,2023-04-25,0.0
831,1829,Gadget-Z,Clothing,Warehouse-1,Aisle-4,150,49.99,Supplier-A,In-Stock,2022-12-20,7498.5
832,1830,Widget-A,Toys,Warehouse-2,Aisle-4,0,29.99,Supplier-D,Out-of-Stock,,0.0
833,1831,Gadget-Z,Toys,Warehouse-2,Aisle-4,300,29.99,Supplier-D,In-Stock,2022-12-20,8997.0
834,1832,Widget-C,Clothing,Warehouse-1,Aisle-2,50,29.99,Supplier-A,Low-Stock,2023-03-05,1499.5
835,1833,Widget-B,Electronics,Warehouse-1,Aisle-5,100,29.99,Supplier-A,Low-Stock,2023-03-05,2999.0
836,1834,Widget-C,Clothing,Warehouse-3,Aisle-2,50,29.99,Supplier-A,Low-Stock,,1499.5
837,1835,Widget-C,Furniture,Warehouse-3,Aisle-3,150,29.99,Supplier-D,In-Stock,2023-01-15,4498.5
838,1836,Gadget-Z,Clothing,Warehouse-3,Aisle-3,150,29.99,Supplier-A,In-Stock,2023-04-25,4498.5
839,1836,Widget-B,Electronics,Warehouse-1,Aisle-1,150,29.99,Supplier-C,In-Stock,2023-03-05,4498.5
840,1837,Widget-C,Electronics,Warehouse-2,Aisle-2,150,9.99,Supplier-D,In-Stock,2023-03-05,1498.5
841,1838,Widget-A,Furniture,Warehouse-3,Aisle-3,50,29.99,Supplier-C,Low-Stock,2022-12-20,1499.5
842,1838,Widget-B,Clothing,Warehouse-3,Aisle-4,150,9.99,Supplier-D,In-Stock,2023-04-25,1498.5
843,1839,Gadget-Z,Clothing,Warehouse-1,Aisle-5,300,29.99,Supplier-A,In-Stock,,8997.0
844,1840,Gadget-X,Electronics,Warehouse-2,Aisle-3,150,49.99,Supplier-C,In-Stock,2023-04-25,7498.5
845,1841,Widget-B,Toys,Warehouse-1,Aisle-4,0,19.99,Supplier-B,Out-of-Stock,,0.0
846,1842,Widget-A,Furniture,Warehouse-1,Aisle-4,200,29.99,Supplier-B,In-Stock,2022-12-20,5998.0
847,1848,Gadget-Y,Clothing,Warehouse-3,Aisle-4,0,29.99,Supplier-C,Out-of-Stock,2023-03-05,0.0
848,1850,Widget-B,Toys,Warehouse-3,Aisle-2,300,49.99,Supplier-D,In-Stock,2023-01-15,14997.0
849,1851,Gadget-Y,Clothing,Warehouse-2,Aisle-4,150,49.99,Supplier-A,In-Stock,2023-03-05,7498.5
850,1851,Gadget-Y,Clothing,Warehouse-2,Aisle-2,50,49.99,Supplier-D,Low-Stock,2023-01-15,2499.5
851,1853,Gadget-Z,Clothing,Warehouse-3,Aisle-3,0,9.99,Supplier-C,Out-of-Stock,2022-12-20,0.0
852,1853,Widget-C,Toys,Warehouse-1,Aisle-4,300,9.99,Supplier-B,In-Stock,2023-01-15,2997.0
853,1854,Gadget-Z,Toys,Warehouse-1,Aisle-1,50,29.99,Supplier-B,Low-Stock,2023-01-15,1499.5
854,1856,Gadget-Y,Furniture,Warehouse-1,Aisle-3,50,9.99,Supplier-B,Low-Stock,2022-12-20,499.5
855,1856,Gadget-X,Clothing,Warehouse-1,Aisle-5,150,9.99,Supplier-D,In-Stock,2022-12-20,1498.5
856,1857,Gadget-Y,Clothing,Warehouse-3,Aisle-3,300,29.99,Supplier-A,In-Stock,2023-03-05,8997.0
857,1857,Widget-C,Furniture,Warehouse-3,Aisle-2,150,19.99,Supplier-B,In-Stock,2023-01-15,2998.4999999999995
858,1860,Widget-A,Clothing,Warehouse-2,Aisle-3,100,19.99,Supplier-B,Low-Stock,2022-12-20,1998.9999999999998
859,1860,Widget-C,Electronics,Warehouse-1,Aisle-3,150,29.99,Supplier-C,In-Stock,2023-03-05,4498.5
860,1860,Gadget-Z,Electronics,Warehouse-2,Aisle-2,100,9.99,Supplier-D,Low-Stock,,999.0
861,1862,Gadget-Z,Electronics,Warehouse-1,Aisle-1,0,29.99,Supplier-D,Out-of-Stock,2022-12-20,0.0
862,1863,Gadget-Z,Clothing,Warehouse-2,Aisle-3,150,9.99,Supplier-A,In-Stock,2023-03-05,1498.5
863,1863,Widget-B,Clothing,Warehouse-2,Aisle-3,150,9.99,Supplier-C,In-Stock,2022-12-20,1498.5
864,1866,Widget-C,Electronics,Warehouse-3,Aisle-2,50,49.99,Supplier-A,Low-Stock,2023-01-15,2499.5
865,1866,Widget-A,Furniture,Warehouse-2,Aisle-3,200,19.99,Supplier-B,In-Stock,,3997.9999999999995
866,1866,Gadget-Z,Clothing,Warehouse-3,Aisle-4,300,29.99,Supplier-B,In-Stock,2022-12-20,8997.0
867,1868,Gadget-Z,Furniture,Warehouse-1,Aisle-2,150,9.99,Supplier-A,In-Stock,2023-04-25,1498.5
868,1868,Widget-C,Electronics,Warehouse-2,Aisle-3,100,19.99,Supplier-B,Low-Stock,2023-04-25,1998.9999999999998
869,1870,Widget-B,Electronics,Warehouse-3,Aisle-4,150,19.99,Supplier-D,In-Stock,2023-03-05,2998.4999999999995
870,1871,Gadget-Y,Electronics,Warehouse-3,Aisle-2,100,19.99,Supplier-B,Low-Stock,2023-04-25,1998.9999999999998
871,1871,Gadget-Z,Clothing,Warehouse-1,Aisle-3,50,49.99,Supplier-D,Low-Stock,2022-12-20,2499.5
872,1871,Widget-B,Clothing,Warehouse-2,Aisle-2,100,29.99,Supplier-D,Low-Stock,2023-04-25,2999.0
873,1871,Widget-A,Furniture,Warehouse-2,Aisle-1,100,29.99,Supplier-B,Low-Stock,2022-12-20,2999.0
874,1871,Gadget-Z,Electronics,Warehouse-3,Aisle-4,300,29.99,Supplier-B,In-Stock,2023-01-15,8997.0
875,1872,Gadget-Y,Electronics,Warehouse-2,Aisle-3,0,19.99,Supplier-D,Out-of-Stock,,0.0
876,1875,Gadget-Y,Clothing,Warehouse-3,Aisle-2,0,9.99,Supplier-B,Out-of-Stock,2023-01-15,0.0
877,1875,Widget-B,Clothing,Warehouse-1,Aisle-5,0,49.99,Supplier-D,Out-of-Stock,2022-12-20,0.0
878,1876,Gadget-X,Furniture,Warehouse-3,Aisle-2,50,49.99,Supplier-A,Low-Stock,2022-12-20,2499.5
879,1877,Gadget-X,Furniture,Warehouse-2,Aisle-4,200,29.99,Supplier-A,In-Stock,2023-04-25,5998.0
880,1878,Gadget-X,Toys,Warehouse-2,Aisle-2,150,9.99,Supplier-D,In-Stock,2022-12-20,1498.5
881,1878,Gadget-Z,Clothing,Warehouse-2,Aisle-3,150,29.99,Supplier-C,In-Stock,2022-12-20,4498.5
882,1879,Widget-C,Furniture,Warehouse-2,Aisle-2,0,29.99,Supplier-D,Out-of-Stock,2023-04-25,0.0
883,1880,Gadget-Y,Clothing,Warehouse-1,Aisle-1,100,49.99,Supplier-B,Low-Stock,,4999.0
884,1880,Gadget-X,Clothing,Warehouse-1,Aisle-5,200,9.99,Supplier-A,In-Stock,2023-03-05,1998.0
885,1882,Gadget-Z,Electronics,Warehouse-1,Aisle-3,300,49.99,Supplier-A,In-Stock,2022-12-20,14997.0
886,1882,Gadget-Y,Electronics,Warehouse-2,Aisle-4,50,19.99,Supplier-B,Low-Stock,2022-12-20,999.4999999999999
887,1882,Gadget-X,Furniture,Warehouse-2,Aisle-5,200,9.99,Supplier-D,In-Stock,2023-03-05,1998.0
888,1883,Gadget-Z,Toys,Warehouse-3,Aisle-1,50,9.99,Supplier-B,Low-Stock,2022-12-20,499.5
889,1883,Gadget-X,Furniture,Warehouse-2,Aisle-2,200,49.99,Supplier-B,In-Stock,,9998.0
890,1884,Gadget-X,Furniture,Warehouse-1,Aisle-4,200,29.99,Supplier-C,In-Stock,2022-12-20,5998.0
891,1884,Gadget-Z,Clothing,Warehouse-2,Aisle-4,200,9.99,Supplier-B,In-Stock,2023-03-05,1998.0
892,1885,Gadget-Y,Electronics,Warehouse-3,Aisle-3,50,49.99,Supplier-B,Low-Stock,2023-01-15,2499.5
893,1885,Gadget-Y,Clothing,Warehouse-3,Aisle-2,300,49.99,Supplier-D,In-Stock,2023-03-05,14997.0
894,1890,Gadget-Z,Clothing,Warehouse-2,Aisle-4,100,9.99,Supplier-D,Low-Stock,2023-04-25,999.0
895,1891,Widget-B,Furniture,Warehouse-1,Aisle-1,200,49.99,Supplier-B,In-Stock,2023-01-15,9998.0
896,1891,Widget-C,Clothing,Warehouse-2,Aisle-5,50,29.99,Supplier-B,Low-Stock,,1499.5
897,1894,Gadget-X,Toys,Warehouse-2,Aisle-4,50,9.99,Supplier-B,Low-Stock,2023-03-05,499.5
898,1895,Widget-B,Clothing,Warehouse-1,Aisle-1,0,29.99,Supplier-C,Out-of-Stock,2022-12-20,0.0
899,1895,Gadget-Z,Furniture,Warehouse-3,Aisle-5,50,49.99,Supplier-D,Low-Stock,,2499.5
900,1895,Gadget-X,Furniture,Warehouse-1,Aisle-4,300,29.99,Supplier-B,In-Stock,2023-01-15,8997.0
901,1896,Gadget-X,Furniture,Warehouse-2,Aisle-4,300,19.99,Supplier-D,In-Stock,2023-04-25,5996.999999999999
902,1896,Gadget-X,Toys,Warehouse-2,Aisle-4,150,49.99,Supplier-A,In-Stock,,7498.5
903,1897,Widget-C,Clothing,Warehouse-3,Aisle-4,100,9.99,Supplier-B,Low-Stock,2022-12-20,999.0
904,1897,Widget-C,Furniture,Warehouse-3,Aisle-4,100,29.99,Supplier-C,Low-Stock,2022-12-20,2999.0
905,1899,Gadget-Y,Clothing,Warehouse-3,Aisle-3,150,29.99,Supplier-D,In-Stock,2023-04-25,4498.5
906,1902,Widget-B,Clothing,Warehouse-1,Aisle-5,200,19.99,Supplier-A,In-Stock,2023-04-25,3997.9999999999995
907,1902,Gadget-X,Electronics,Warehouse-2,Aisle-5,300,49.99,Supplier-C,In-Stock,,14997.0
908,1905,Widget-A,Toys,Warehouse-2,Aisle-5,300,49.99,Supplier-D,In-Stock,2023-04-25,14997.0
909,1906,Widget-B,Furniture,Warehouse-1,Aisle-2,300,29.99,Supplier-A,In-Stock,2023-04-25,8997.0
910,1907,Widget-B,Toys,Warehouse-2,Aisle-5,50,29.99,Supplier-B,Low-Stock,,1499.5
911,1907,Gadget-Z,Electronics,Warehouse-3,Aisle-4,150,49.99,Supplier-C,In-Stock,2022-12-20,7498.5
912,1908,Widget-B,Toys,Warehouse-1,Aisle-1,150,29.99,Supplier-D,In-Stock,2022-12-20,4498.5
913,1911,Gadget-Z,Clothing,Warehouse-1,Aisle-1,200,29.99,Supplier-D,In-Stock,,5998.0
914,1912,Gadget-Z,Toys,Warehouse-1,Aisle-3,0,49.99,Supplier-C,Out-of-Stock,2023-01-15,0.0
915,1913,Widget-C,Electronics,Warehouse-3,Aisle-4,150,29.99,Supplier-B,In-Stock,2023-01-15,4498.5
916,1914,Widget-C,Electronics,Warehouse-1,Aisle-1,200,29.99,Supplier-B,In-Stock,2023-03-05,5998.0
917,1915,Widget-B,Electronics,Warehouse-3,Aisle-5,50,19.99,Supplier-B,Low-Stock,,999.4999999999999
918,1919,Widget-A,Clothing,Warehouse-1,Aisle-2,0,29.99,Supplier-D,Out-of-Stock,2023-03-05,0.0
919,1919,Widget-B,Toys,Warehouse-3,Aisle-5,0,29.99,Supplier-D,Out-of-Stock,2023-01-15,0.0
920,1920,Widget-B,Electronics,Warehouse-1,Aisle-3,0,49.99,Supplier-D,Out-of-Stock,2023-03-05,0.0
921,1920,Gadget-Y,Furniture,Warehouse-1,Aisle-5,100,29.99,Supplier-A,Low-Stock,2023-01-15,2999.0
922,1921,Widget-C,Toys,Warehouse-1,Aisle-3,100,49.99,Supplier-C,Low-Stock,2023-04-25,4999.0
923,1921,Gadget-Z,Toys,Warehouse-1,Aisle-4,200,9.99,Supplier-D,In-Stock,2022-12-20,1998.0
924,1922,Widget-B,Toys,Warehouse-1,Aisle-4,0,19.99,Supplier-B,Out-of-Stock,2023-04-25,0.0
925,1924,Widget-C,Furniture,Warehouse-3,Aisle-1,150,9.99,Supplier-B,In-Stock,2023-01-15,1498.5
926,1927,Gadget-Z,Electronics,Warehouse-2,Aisle-1,150,19.99,Supplier-B,In-Stock,2022-12-20,2998.4999999999995
927,1928,Gadget-Y,Clothing,Warehouse-3,Aisle-2,0,29.99,Supplier-D,Out-of-Stock,2023-03-05,0.0
928,1928,Gadget-Y,Toys,Warehouse-1,Aisle-4,0,49.99,Supplier-D,Out-of-Stock,2022-12-20,0.0
929,1928,Widget-B,Toys,Warehouse-1,Aisle-4,300,29.99,Supplier-C,In-Stock,2023-04-25,8997.0
930,1928,Gadget-Z,Toys,Warehouse-1,Aisle-4,200,49.99,Supplier-C,In-Stock,2023-03-05,9998.0
931,1928,Gadget-X,Furniture,Warehouse-1,Aisle-4,150,49.99,Supplier-B,In-Stock,2023-03-05,7498.5
932,1929,Gadget-Y,Toys,Warehouse-1,Aisle-5,200,49.99,Supplier-B,In-Stock,2023-01-15,9998.0
933,1931,Gadget-Y,Electronics,Warehouse-1,Aisle-1,200,29.99,Supplier-A,In-Stock,2022-12-20,5998.0
934,1931,Gadget-X,Toys,Warehouse-1,Aisle-3,0,49.99,Supplier-D,Out-of-Stock,2023-04-25,0.0
935,1933,Gadget-Y,Electronics,Warehouse-2,Aisle-3,100,9.99,Supplier-D,Low-Stock,2023-01-15,999.0
936,1934,Widget-A,Toys,Warehouse-1,Aisle-3,50,49.99,Supplier-B,Low-Stock,2023-03-05,2499.5
937,1934,Gadget-Y,Electronics,Warehouse-1,Aisle-5,300,29.99,Supplier-B,In-Stock,2023-04-25,8997.0
938,1935,Gadget-X,Electronics,Warehouse-1,Aisle-3,0,29.99,Supplier-D,Out-of-Stock,2023-01-15,0.0
939,1935,Widget-A,Furniture,Warehouse-2,Aisle-3,0,19.99,Supplier-B,Out-of-Stock,2023-04-25,0.0
940,1942,Gadget-Z,Furniture,Warehouse-3,Aisle-1,100,19.99,Supplier-C,Low-Stock,,1998.9999999999998
941,1942,Gadget-Z,Toys,Warehouse-3,Aisle-4,150,29.99,Supplier-C,In-Stock,2023-04-25,4498.5
942,1942,Gadget-Z,Furniture,Warehouse-3,Aisle-5,100,29.99,Supplier-C,Low-Stock,,2999.0
943,1945,Gadget-Y,Furniture,Warehouse-1,Aisle-3,100,9.99,Supplier-C,Low-Stock,2023-04-25,999.0
944,1945,Widget-A,Clothing,Warehouse-2,Aisle-2,200,29.99,Supplier-C,In-Stock,2023-04-25,5998.0
945,1947,Widget-B,Furniture,Warehouse-1,Aisle-5,100,49.99,Supplier-B,Low-Stock,2023-03-05,4999.0
946,1950,Widget-C,Furniture,Warehouse-1,Aisle-2,300,9.99,Supplier-D,In-Stock,,2997.0
947,1951,Gadget-Y,Clothing,Warehouse-3,Aisle-1,50,49.99,Supplier-C,Low-Stock,2022-12-20,2499.5
948,1952,Widget-B,Furniture,Warehouse-2,Aisle-2,0,29.99,Supplier-B,Out-of-Stock,2022-12-20,0.0
949,1952,Widget-A,Furniture,Warehouse-3,Aisle-3,0,9.99,Supplier-C,Out-of-Stock,2023-01-15,0.0
950,1952,Gadget-Y,Furniture,Warehouse-1,Aisle-5,200,49.99,Supplier-B,In-Stock,2023-01-15,9998.0
951,1953,Widget-C,Electronics,Warehouse-1,Aisle-3,50,49.99,Supplier-B,Low-Stock,2023-03-05,2499.5
952,1954,Gadget-X,Clothing,Warehouse-2,Aisle-1,150,49.99,Supplier-C,In-Stock,2023-03-05,7498.5
953,1954,Widget-C,Toys,Warehouse-2,Aisle-3,0,9.99,Supplier-B,Out-of-Stock,2023-01-15,0.0
954,1955,Widget-B,Electronics,Warehouse-1,Aisle-5,150,29.99,Supplier-B,In-Stock,2022-12-20,4498.5
955,1955,Gadget-Y,Clothing,Warehouse-2,Aisle-5,100,49.99,Supplier-B,Low-Stock,2023-03-05,4999.0
956,1956,Widget-C,Toys,Warehouse-1,Aisle-2,300,29.99,Supplier-A,In-Stock,2023-04-25,8997.0
957,1956,Widget-C,Toys,Warehouse-3,Aisle-4,300,29.99,Supplier-D,In-Stock,2022-12-20,8997.0
958,1957,Widget-C,Toys,Warehouse-3,Aisle-5,100,29.99,Supplier-D,Low-Stock,,2999.0
959,1957,Gadget-Y,Electronics,Warehouse-2,Aisle-3,300,29.99,Supplier-A,In-Stock,2023-04-25,8997.0
960,1957,Gadget-X,Toys,Warehouse-3,Aisle-5,50,19.99,Supplier-A,Low-Stock,2023-03-05,999.4999999999999
961,1957,Gadget-X,Electronics,Warehouse-1,Aisle-2,150,49.99,Supplier-A,In-Stock,2022-12-20,7498.5
962,1957,Widget-A,Furniture,Warehouse-2,Aisle-2,200,29.99,Supplier-A,In-Stock,2023-01-15,5998.0
963,1957,Gadget-Y,Toys,Warehouse-3,Aisle-2,200,19.99,Supplier-C,In-Stock,2022-12-20,3997.9999999999995
964,1958,Widget-A,Furniture,Warehouse-1,Aisle-4,300,19.99,Supplier-D,In-Stock,2023-04-25,5996.999999999999
965,1958,Widget-C,Furniture,Warehouse-2,Aisle-3,300,29.99,Supplier-A,In-Stock,2022-12-20,8997.0
966,1959,Gadget-X,Toys,Warehouse-3,Aisle-1,200,29.99,Supplier-A,In-Stock,2023-03-05,5998.0
967,1960,Widget-B,Clothing,Warehouse-1,Aisle-5,0,29.99,Supplier-A,Out-of-Stock,2022-12-20,0.0
968,1961,Gadget-Y,Toys,Warehouse-3,Aisle-5,0,19.99,Supplier-B,Out-of-Stock,2023-03-05,0.0
969,1962,Widget-C,Toys,Warehouse-2,Aisle-4,50,29.99,Supplier-D,Low-Stock,2022-12-20,1499.5
970,1962,Gadget-Y,Clothing,Warehouse-2,Aisle-4,150,49.99,Supplier-D,In-Stock,2023-01-15,7498.5
971,1967,Gadget-Y,Clothing,Warehouse-1,Aisle-1,200,29.99,Supplier-D,In-Stock,2022-12-20,5998.0
972,1967,Gadget-Y,Clothing,Warehouse-3,Aisle-1,300,29.99,Supplier-B,In-Stock,2023-03-05,8997.0
973,1969,Gadget-Z,Toys,Warehouse-1,Aisle-4,100,29.99,Supplier-B,Low-Stock,2023-04-25,2999.0
974,1970,Gadget-Y,Clothing,Warehouse-1,Aisle-4,150,19.99,Supplier-C,In-Stock,2023-01-15,2998.4999999999995
975,1971,Widget-C,Furniture,Warehouse-1,Aisle-5,50,29.99,Supplier-A,Low-Stock,2022-12-20,1499.5
976,1971,Widget-B,Furniture,Warehouse-1,Aisle-4,100,49.99,Supplier-A,Low-Stock,,4999.0
977,1972,Widget-B,Clothing,Warehouse-1,Aisle-1,0,9.99,Supplier-B,Out-of-Stock,,0.0
978,1972,Gadget-X,Furniture,Warehouse-3,Aisle-1,50,9.99,Supplier-C,Low-Stock,,499.5
979,1973,Gadget-Z,Furniture,Warehouse-2,Aisle-1,100,29.99,Supplier-C,Low-Stock,2023-04-25,2999.0
980,1974,Widget-B,Furniture,Warehouse-3,Aisle-5,100,49.99,Supplier-B,Low-Stock,,4999.0
981,1975,Gadget-X,Toys,Warehouse-1,Aisle-4,300,29.99,Supplier-C,In-Stock,2023-01-15,8997.0
982,1977,Widget-A,Electronics,Warehouse-3,Aisle-1,100,29.99,Supplier-B,Low-Stock,2023-04-25,2999.0
983,1980,Gadget-X,Furniture,Warehouse-3,Aisle-2,50,29.99,Supplier-A,Low-Stock,2023-03-05,1499.5
984,1981,Widget-A,Clothing,Warehouse-1,Aisle-5,0,19.99,Supplier-B,Out-of-Stock,2023-04-25,0.0
985,1982,Gadget-Y,Electronics,Warehouse-1,Aisle-5,200,19.99,Supplier-D,In-Stock,2023-04-25,3997.9999999999995
986,1985,Widget-C,Electronics,Warehouse-2,Aisle-3,150,49.99,Supplier-D,In-Stock,2022-12-20,7498.5
987,1986,Gadget-X,Clothing,Warehouse-3,Aisle-3,300,29.99,Supplier-D,In-Stock,2022-12-20,8997.0
988,1987,Widget-A,Clothing,Warehouse-2,Aisle-4,200,19.99,Supplier-B,In-Stock,,3997.9999999999995
989,1987,Gadget-Z,Electronics,Warehouse-3,Aisle-4,300,49.99,Supplier-D,In-Stock,2023-03-05,14997.0
990,1989,Gadget-Y,Electronics,Warehouse-2,Aisle-3,100,19.99,Supplier-B,Low-Stock,2023-04-25,1998.9999999999998
991,1991,Gadget-Y,Clothing,Warehouse-1,Aisle-5,200,29.99,Supplier-D,In-Stock,2022-12-20,5998.0
992,1992,Gadget-Y,Toys,Warehouse-2,Aisle-5,150,29.99,Supplier-D,In-Stock,2023-03-05,4498.5
993,1992,Widget-C,Electronics,Warehouse-3,Aisle-4,300,29.99,Supplier-C,In-Stock,,8997.0
994,1995,Gadget-Y,Toys,Warehouse-1,Aisle-4,300,19.99,Supplier-D,In-Stock,,5996.999999999999
995,1995,Widget-B,Clothing,Warehouse-2,Aisle-3,0,29.99,Supplier-B,Out-of-Stock,,0.0
996,1996,Widget-B,Furniture,Warehouse-3,Aisle-2,100,19.99,Supplier-C,Low-Stock,2022-12-20,1998.9999999999998
997,1996,Widget-B,Electronics,Warehouse-3,Aisle-1,200,9.99,Supplier-A,In-Stock,2023-01-15,1998.0
998,1998,Gadget-Y,Electronics,Warehouse-3,Aisle-3,0,29.99,Supplier-B,Out-of-Stock,2023-03-05,0.0
999,1998,Gadget-Y,Toys,Warehouse-3,Aisle-4,300,19.99,Supplier-B,In-Stock,2023-04-25,5996.999999999999
